subject_id,story,strategy,altruistic_status_second,annoyed,satisfied,understood,pass_attention
5591827dfdf99b4fccbdfb21,group project,alternating,less,2.0,1.0,yes,True
5591827dfdf99b4fccbdfb21,gifts,repeating,less,0.0,5.0,yes,True
5591827dfdf99b4fccbdfb21,fundraising,alternating,just_met,0.0,5.0,yes,True
5591827dfdf99b4fccbdfb21,architects,alternating,just_met,0.0,4.0,yes,True
5591827dfdf99b4fccbdfb21,police,alternating,more,0.0,6.0,yes,True
5591827dfdf99b4fccbdfb21,feedback,repeating,just_met,1.0,2.0,yes,True
5591827dfdf99b4fccbdfb21,babysitting,repeating,just_met,0.0,6.0,yes,True
5591827dfdf99b4fccbdfb21,concerts,repeating,more,0.0,4.0,yes,True
5591827dfdf99b4fccbdfb21,restaurant,repeating,less,0.0,5.0,yes,True
5591827dfdf99b4fccbdfb21,meeting prep,alternating,more,0.0,5.0,yes,True
5591827dfdf99b4fccbdfb21,family meals,alternating,equal,0.0,6.0,yes,True
5591827dfdf99b4fccbdfb21,coffee,alternating,equal,0.0,6.0,yes,True
5591827dfdf99b4fccbdfb21,weekend,repeating,equal,0.0,5.0,yes,True
5591827dfdf99b4fccbdfb21,housemates,repeating,equal,0.0,4.0,yes,True
5591827dfdf99b4fccbdfb21,scheduling,alternating,less,0.0,5.0,yes,True
5591827dfdf99b4fccbdfb21,groceries,repeating,more,0.0,6.0,yes,True
559ef308fdf99b2616ff2a4f,police,alternating,equal,0.0,6.0,yes,True
559ef308fdf99b2616ff2a4f,groceries,repeating,more,0.0,6.0,yes,True
559ef308fdf99b2616ff2a4f,meeting prep,repeating,less,1.0,4.0,yes,True
559ef308fdf99b2616ff2a4f,feedback,alternating,equal,0.0,6.0,yes,True
559ef308fdf99b2616ff2a4f,gifts,alternating,more,2.0,4.0,yes,True
559ef308fdf99b2616ff2a4f,weekend,alternating,less,0.0,5.0,yes,True
559ef308fdf99b2616ff2a4f,babysitting,alternating,just_met,0.0,6.0,yes,True
559ef308fdf99b2616ff2a4f,architects,repeating,more,0.0,5.0,yes,True
559ef308fdf99b2616ff2a4f,coffee,repeating,just_met,0.0,5.0,yes,True
559ef308fdf99b2616ff2a4f,group project,repeating,equal,3.0,3.0,yes,True
559ef308fdf99b2616ff2a4f,fundraising,repeating,just_met,2.0,3.0,yes,True
559ef308fdf99b2616ff2a4f,family meals,alternating,more,0.0,6.0,yes,True
559ef308fdf99b2616ff2a4f,housemates,repeating,equal,0.0,5.0,yes,True
559ef308fdf99b2616ff2a4f,concerts,alternating,less,0.0,6.0,yes,True
559ef308fdf99b2616ff2a4f,scheduling,alternating,just_met,0.0,5.0,yes,True
559ef308fdf99b2616ff2a4f,restaurant,repeating,less,0.0,6.0,yes,True
57e4b99ac3e5930001447324,feedback,repeating,just_met,1.0,3.0,yes,True
57e4b99ac3e5930001447324,group project,alternating,more,0.0,6.0,yes,True
57e4b99ac3e5930001447324,weekend,repeating,more,0.0,5.0,yes,True
57e4b99ac3e5930001447324,meeting prep,alternating,equal,0.0,6.0,yes,True
57e4b99ac3e5930001447324,fundraising,repeating,just_met,3.0,2.0,yes,True
57e4b99ac3e5930001447324,concerts,repeating,equal,0.0,6.0,yes,True
57e4b99ac3e5930001447324,babysitting,repeating,less,3.0,4.0,yes,True
57e4b99ac3e5930001447324,architects,repeating,less,4.0,0.0,yes,True
57e4b99ac3e5930001447324,groceries,alternating,just_met,0.0,6.0,yes,True
57e4b99ac3e5930001447324,gifts,alternating,equal,0.0,6.0,yes,True
57e4b99ac3e5930001447324,family meals,alternating,just_met,0.0,6.0,yes,True
57e4b99ac3e5930001447324,coffee,alternating,more,2.0,6.0,yes,True
57e4b99ac3e5930001447324,restaurant,alternating,less,1.0,6.0,yes,True
57e4b99ac3e5930001447324,housemates,alternating,less,3.0,6.0,yes,True
57e4b99ac3e5930001447324,scheduling,repeating,equal,0.0,6.0,yes,True
57e4b99ac3e5930001447324,police,repeating,more,0.0,4.0,yes,True
5a57a9bbac5624000153bc85,gifts,repeating,just_met,0.0,6.0,yes,True
5a57a9bbac5624000153bc85,coffee,repeating,less,0.0,5.0,yes,True
5a57a9bbac5624000153bc85,family meals,alternating,equal,0.0,6.0,yes,True
5a57a9bbac5624000153bc85,weekend,alternating,less,1.0,4.0,yes,True
5a57a9bbac5624000153bc85,architects,repeating,more,0.0,4.0,yes,True
5a57a9bbac5624000153bc85,housemates,alternating,more,0.0,4.0,yes,True
5a57a9bbac5624000153bc85,police,alternating,less,1.0,3.0,yes,True
5a57a9bbac5624000153bc85,fundraising,repeating,equal,0.0,6.0,yes,True
5a57a9bbac5624000153bc85,scheduling,alternating,just_met,0.0,5.0,yes,True
5a57a9bbac5624000153bc85,concerts,alternating,just_met,0.0,6.0,yes,True
5a57a9bbac5624000153bc85,meeting prep,repeating,just_met,1.0,3.0,yes,True
5a57a9bbac5624000153bc85,group project,repeating,less,0.0,6.0,yes,True
5a57a9bbac5624000153bc85,feedback,repeating,equal,1.0,4.0,yes,True
5a57a9bbac5624000153bc85,restaurant,alternating,more,0.0,5.0,yes,True
5a57a9bbac5624000153bc85,groceries,alternating,equal,0.0,6.0,yes,True
5a57a9bbac5624000153bc85,babysitting,repeating,more,4.0,0.0,yes,True
5a9eea0835237b000112bdfb,coffee,alternating,just_met,0.0,0.0,yes,True
5a9eea0835237b000112bdfb,babysitting,alternating,equal,0.0,6.0,yes,True
5a9eea0835237b000112bdfb,concerts,alternating,more,0.0,5.0,yes,True
5a9eea0835237b000112bdfb,scheduling,alternating,more,1.0,2.0,yes,True
5a9eea0835237b000112bdfb,groceries,repeating,less,2.0,5.0,yes,True
5a9eea0835237b000112bdfb,weekend,repeating,just_met,3.0,5.0,yes,True
5a9eea0835237b000112bdfb,family meals,repeating,less,2.0,5.0,yes,True
5a9eea0835237b000112bdfb,feedback,alternating,less,0.0,5.0,yes,True
5a9eea0835237b000112bdfb,police,repeating,just_met,1.0,6.0,yes,True
5a9eea0835237b000112bdfb,group project,alternating,just_met,0.0,4.0,yes,True
5a9eea0835237b000112bdfb,meeting prep,repeating,more,0.0,4.0,yes,True
5a9eea0835237b000112bdfb,restaurant,repeating,equal,0.0,3.0,yes,True
5a9eea0835237b000112bdfb,architects,alternating,equal,0.0,5.0,yes,True
5a9eea0835237b000112bdfb,fundraising,alternating,less,0.0,5.0,yes,True
5a9eea0835237b000112bdfb,housemates,repeating,equal,4.0,3.0,yes,True
5a9eea0835237b000112bdfb,gifts,repeating,more,0.0,6.0,yes,True
5b4693dd0a4da000018a18ed,group project,repeating,more,1.0,4.0,yes,True
5b4693dd0a4da000018a18ed,housemates,repeating,less,0.0,6.0,yes,True
5b4693dd0a4da000018a18ed,gifts,repeating,equal,0.0,5.0,yes,True
5b4693dd0a4da000018a18ed,groceries,repeating,just_met,0.0,6.0,yes,True
5b4693dd0a4da000018a18ed,babysitting,alternating,less,0.0,6.0,yes,True
5b4693dd0a4da000018a18ed,family meals,repeating,just_met,0.0,5.0,yes,True
5b4693dd0a4da000018a18ed,weekend,alternating,more,0.0,5.0,yes,True
5b4693dd0a4da000018a18ed,scheduling,alternating,equal,0.0,6.0,yes,True
5b4693dd0a4da000018a18ed,feedback,alternating,just_met,0.0,5.0,yes,True
5b4693dd0a4da000018a18ed,restaurant,repeating,less,1.0,5.0,yes,True
5b4693dd0a4da000018a18ed,concerts,alternating,equal,0.0,6.0,yes,True
5b4693dd0a4da000018a18ed,police,alternating,more,0.0,4.0,yes,True
5b4693dd0a4da000018a18ed,meeting prep,repeating,equal,1.0,5.0,yes,True
5b4693dd0a4da000018a18ed,fundraising,alternating,just_met,1.0,4.0,yes,True
5b4693dd0a4da000018a18ed,architects,alternating,less,1.0,5.0,yes,True
5b4693dd0a4da000018a18ed,coffee,repeating,more,1.0,6.0,yes,True
5bcb1a815c2b810001dc2cf7,housemates,alternating,just_met,0.0,5.0,yes,True
5bcb1a815c2b810001dc2cf7,feedback,alternating,more,0.0,5.0,yes,True
5bcb1a815c2b810001dc2cf7,weekend,repeating,equal,0.0,5.0,yes,True
5bcb1a815c2b810001dc2cf7,coffee,alternating,equal,0.0,6.0,yes,True
5bcb1a815c2b810001dc2cf7,scheduling,repeating,less,0.0,5.0,yes,True
5bcb1a815c2b810001dc2cf7,fundraising,alternating,more,1.0,5.0,yes,True
5bcb1a815c2b810001dc2cf7,concerts,repeating,less,0.0,5.0,yes,True
5bcb1a815c2b810001dc2cf7,architects,repeating,just_met,2.0,4.0,yes,True
5bcb1a815c2b810001dc2cf7,family meals,repeating,more,0.0,4.0,yes,True
5bcb1a815c2b810001dc2cf7,groceries,repeating,more,0.0,6.0,yes,True
5bcb1a815c2b810001dc2cf7,babysitting,repeating,just_met,0.0,5.0,yes,True
5bcb1a815c2b810001dc2cf7,gifts,alternating,less,0.0,5.0,yes,True
5bcb1a815c2b810001dc2cf7,police,repeating,equal,0.0,5.0,yes,True
5bcb1a815c2b810001dc2cf7,restaurant,alternating,just_met,0.0,6.0,yes,True
5bcb1a815c2b810001dc2cf7,meeting prep,alternating,less,1.0,5.0,yes,True
5bcb1a815c2b810001dc2cf7,group project,alternating,equal,2.0,4.0,yes,True
5d1b0776e1c05200018b582d,group project,repeating,just_met,4.0,2.0,yes,True
5d1b0776e1c05200018b582d,gifts,alternating,more,0.0,5.0,yes,True
5d1b0776e1c05200018b582d,groceries,alternating,less,0.0,5.0,yes,True
5d1b0776e1c05200018b582d,babysitting,repeating,equal,0.0,5.0,yes,True
5d1b0776e1c05200018b582d,architects,repeating,equal,0.0,5.0,yes,True
5d1b0776e1c05200018b582d,family meals,alternating,less,0.0,5.0,yes,True
5d1b0776e1c05200018b582d,concerts,repeating,more,0.0,5.0,yes,True
5d1b0776e1c05200018b582d,police,alternating,just_met,0.0,5.0,yes,True
5d1b0776e1c05200018b582d,weekend,alternating,just_met,2.0,3.0,yes,True
5d1b0776e1c05200018b582d,coffee,repeating,just_met,0.0,5.0,yes,True
5d1b0776e1c05200018b582d,scheduling,repeating,more,0.0,5.0,yes,True
5d1b0776e1c05200018b582d,fundraising,repeating,less,3.0,2.0,yes,True
5d1b0776e1c05200018b582d,feedback,repeating,less,0.0,5.0,yes,True
5d1b0776e1c05200018b582d,meeting prep,alternating,more,0.0,5.0,yes,True
5d1b0776e1c05200018b582d,restaurant,alternating,equal,0.0,5.0,yes,True
5d1b0776e1c05200018b582d,housemates,alternating,equal,0.0,5.0,yes,True
5d4a1c61be2a040001beaedb,gifts,repeating,more,2.0,5.0,yes,True
5d4a1c61be2a040001beaedb,restaurant,alternating,less,0.0,3.0,yes,True
5d4a1c61be2a040001beaedb,babysitting,repeating,just_met,0.0,6.0,yes,True
5d4a1c61be2a040001beaedb,weekend,repeating,less,0.0,6.0,yes,True
5d4a1c61be2a040001beaedb,group project,alternating,equal,5.0,2.0,yes,True
5d4a1c61be2a040001beaedb,groceries,alternating,more,0.0,6.0,yes,True
5d4a1c61be2a040001beaedb,coffee,alternating,just_met,0.0,6.0,yes,True
5d4a1c61be2a040001beaedb,architects,alternating,more,0.0,6.0,yes,True
5d4a1c61be2a040001beaedb,police,repeating,equal,0.0,6.0,yes,True
5d4a1c61be2a040001beaedb,scheduling,repeating,just_met,0.0,6.0,yes,True
5d4a1c61be2a040001beaedb,fundraising,alternating,just_met,0.0,6.0,yes,True
5d4a1c61be2a040001beaedb,feedback,repeating,equal,6.0,1.0,yes,True
5d4a1c61be2a040001beaedb,housemates,alternating,equal,0.0,6.0,yes,True
5d4a1c61be2a040001beaedb,family meals,repeating,more,0.0,6.0,yes,True
5d4a1c61be2a040001beaedb,meeting prep,alternating,less,0.0,6.0,yes,True
5d4a1c61be2a040001beaedb,concerts,repeating,less,0.0,6.0,yes,True
5da4152a3ab39a0011295a3e,concerts,alternating,more,1.0,5.0,yes,True
5da4152a3ab39a0011295a3e,group project,alternating,just_met,2.0,3.0,yes,True
5da4152a3ab39a0011295a3e,scheduling,alternating,equal,1.0,4.0,yes,True
5da4152a3ab39a0011295a3e,police,repeating,just_met,0.0,6.0,yes,True
5da4152a3ab39a0011295a3e,housemates,alternating,just_met,0.0,6.0,yes,True
5da4152a3ab39a0011295a3e,family meals,repeating,less,0.0,5.0,yes,True
5da4152a3ab39a0011295a3e,gifts,repeating,less,0.0,6.0,yes,True
5da4152a3ab39a0011295a3e,fundraising,repeating,equal,2.0,3.0,yes,True
5da4152a3ab39a0011295a3e,architects,alternating,less,1.0,4.0,yes,True
5da4152a3ab39a0011295a3e,meeting prep,repeating,more,2.0,2.0,yes,True
5da4152a3ab39a0011295a3e,groceries,alternating,less,0.0,5.0,yes,True
5da4152a3ab39a0011295a3e,coffee,repeating,equal,0.0,5.0,yes,True
5da4152a3ab39a0011295a3e,babysitting,alternating,equal,0.0,5.0,yes,True
5da4152a3ab39a0011295a3e,weekend,alternating,more,1.0,4.0,yes,True
5da4152a3ab39a0011295a3e,feedback,repeating,just_met,1.0,4.0,yes,True
5da4152a3ab39a0011295a3e,restaurant,repeating,more,0.0,5.0,yes,True
5de8bc74553cee8280a7dd84,coffee,repeating,equal,0.0,6.0,yes,True
5de8bc74553cee8280a7dd84,police,alternating,equal,0.0,6.0,yes,True
5de8bc74553cee8280a7dd84,feedback,repeating,more,0.0,6.0,yes,True
5de8bc74553cee8280a7dd84,scheduling,alternating,less,0.0,6.0,yes,True
5de8bc74553cee8280a7dd84,meeting prep,repeating,less,0.0,6.0,yes,True
5de8bc74553cee8280a7dd84,restaurant,repeating,just_met,0.0,6.0,yes,True
5de8bc74553cee8280a7dd84,fundraising,repeating,more,0.0,5.0,yes,True
5de8bc74553cee8280a7dd84,family meals,alternating,more,0.0,6.0,yes,True
5de8bc74553cee8280a7dd84,gifts,repeating,less,0.0,6.0,yes,True
5de8bc74553cee8280a7dd84,babysitting,alternating,just_met,0.0,6.0,yes,True
5de8bc74553cee8280a7dd84,weekend,alternating,equal,0.0,6.0,yes,True
5de8bc74553cee8280a7dd84,concerts,alternating,less,0.0,5.0,yes,True
5de8bc74553cee8280a7dd84,groceries,alternating,more,0.0,6.0,yes,True
5de8bc74553cee8280a7dd84,group project,repeating,equal,1.0,4.0,yes,True
5de8bc74553cee8280a7dd84,housemates,repeating,just_met,0.0,5.0,yes,True
5de8bc74553cee8280a7dd84,architects,alternating,just_met,0.0,6.0,yes,True
5dfbb9eaae7b308dbf97a681,weekend,repeating,more,0.0,5.0,yes,True
5dfbb9eaae7b308dbf97a681,feedback,alternating,just_met,0.0,6.0,yes,True
5dfbb9eaae7b308dbf97a681,housemates,repeating,just_met,0.0,5.0,yes,True
5dfbb9eaae7b308dbf97a681,concerts,repeating,more,1.0,4.0,yes,True
5dfbb9eaae7b308dbf97a681,gifts,alternating,less,0.0,5.0,yes,True
5dfbb9eaae7b308dbf97a681,architects,repeating,less,1.0,4.0,yes,True
5dfbb9eaae7b308dbf97a681,restaurant,alternating,more,0.0,5.0,yes,True
5dfbb9eaae7b308dbf97a681,scheduling,repeating,equal,0.0,6.0,yes,True
5dfbb9eaae7b308dbf97a681,fundraising,alternating,equal,0.0,6.0,yes,True
5dfbb9eaae7b308dbf97a681,groceries,repeating,less,0.0,5.0,yes,True
5dfbb9eaae7b308dbf97a681,meeting prep,alternating,more,0.0,6.0,yes,True
5dfbb9eaae7b308dbf97a681,family meals,alternating,less,0.0,6.0,yes,True
5dfbb9eaae7b308dbf97a681,babysitting,repeating,equal,0.0,6.0,yes,True
5dfbb9eaae7b308dbf97a681,group project,repeating,just_met,3.0,0.0,yes,True
5dfbb9eaae7b308dbf97a681,coffee,alternating,equal,0.0,6.0,yes,True
5dfbb9eaae7b308dbf97a681,police,alternating,just_met,0.0,6.0,yes,True
5e276da673bc15084160abd3,groceries,repeating,just_met,4.0,1.0,yes,True
5e276da673bc15084160abd3,concerts,repeating,just_met,2.0,4.0,yes,True
5e276da673bc15084160abd3,group project,repeating,equal,5.0,0.0,yes,True
5e276da673bc15084160abd3,architects,repeating,less,4.0,1.0,yes,True
5e276da673bc15084160abd3,fundraising,repeating,less,3.0,1.0,yes,True
5e276da673bc15084160abd3,feedback,alternating,less,0.0,4.0,yes,True
5e276da673bc15084160abd3,weekend,alternating,more,2.0,2.0,yes,True
5e276da673bc15084160abd3,restaurant,alternating,equal,0.0,5.0,yes,True
5e276da673bc15084160abd3,family meals,repeating,more,1.0,4.0,yes,True
5e276da673bc15084160abd3,babysitting,alternating,less,0.0,5.0,yes,True
5e276da673bc15084160abd3,scheduling,repeating,equal,0.0,5.0,yes,True
5e276da673bc15084160abd3,housemates,alternating,more,0.0,4.0,yes,True
5e276da673bc15084160abd3,gifts,alternating,equal,0.0,4.0,yes,True
5e276da673bc15084160abd3,police,alternating,just_met,0.0,4.0,yes,True
5e276da673bc15084160abd3,meeting prep,alternating,just_met,0.0,2.0,yes,True
5e276da673bc15084160abd3,coffee,repeating,more,0.0,4.0,yes,True
5e837e917441520b9c662931,police,repeating,just_met,1.0,4.0,yes,True
5e837e917441520b9c662931,concerts,alternating,more,0.0,5.0,yes,True
5e837e917441520b9c662931,group project,alternating,just_met,3.0,2.0,yes,True
5e837e917441520b9c662931,meeting prep,repeating,more,3.0,3.0,yes,True
5e837e917441520b9c662931,family meals,repeating,less,2.0,2.0,yes,True
5e837e917441520b9c662931,feedback,repeating,just_met,0.0,5.0,yes,True
5e837e917441520b9c662931,scheduling,alternating,equal,0.0,5.0,yes,True
5e837e917441520b9c662931,babysitting,alternating,equal,0.0,6.0,yes,True
5e837e917441520b9c662931,housemates,alternating,just_met,0.0,6.0,yes,True
5e837e917441520b9c662931,weekend,alternating,more,0.0,6.0,yes,True
5e837e917441520b9c662931,coffee,repeating,equal,0.0,6.0,yes,True
5e837e917441520b9c662931,architects,alternating,less,0.0,5.0,yes,True
5e837e917441520b9c662931,fundraising,repeating,equal,4.0,2.0,yes,True
5e837e917441520b9c662931,groceries,alternating,less,0.0,5.0,yes,True
5e837e917441520b9c662931,gifts,repeating,less,0.0,6.0,yes,True
5e837e917441520b9c662931,restaurant,repeating,more,0.0,6.0,yes,True
5e920f8ff84fbf541f79021c,police,repeating,equal,0.0,1.0,yes,True
5e920f8ff84fbf541f79021c,restaurant,alternating,just_met,0.0,4.0,yes,True
5e920f8ff84fbf541f79021c,housemates,alternating,just_met,0.0,4.0,yes,True
5e920f8ff84fbf541f79021c,groceries,repeating,more,0.0,2.0,yes,True
5e920f8ff84fbf541f79021c,group project,alternating,equal,0.0,3.0,yes,True
5e920f8ff84fbf541f79021c,feedback,alternating,more,0.0,3.0,yes,True
5e920f8ff84fbf541f79021c,family meals,repeating,more,0.0,2.0,yes,True
5e920f8ff84fbf541f79021c,concerts,repeating,less,0.0,3.0,yes,True
5e920f8ff84fbf541f79021c,meeting prep,alternating,less,0.0,3.0,yes,True
5e920f8ff84fbf541f79021c,architects,repeating,just_met,1.0,1.0,yes,True
5e920f8ff84fbf541f79021c,gifts,alternating,less,0.0,4.0,yes,True
5e920f8ff84fbf541f79021c,weekend,repeating,equal,0.0,4.0,yes,True
5e920f8ff84fbf541f79021c,coffee,alternating,equal,0.0,3.0,yes,True
5e920f8ff84fbf541f79021c,babysitting,repeating,just_met,0.0,5.0,yes,True
5e920f8ff84fbf541f79021c,fundraising,alternating,more,0.0,5.0,yes,True
5e920f8ff84fbf541f79021c,scheduling,repeating,less,0.0,2.0,yes,True
5eadd3cf13f83a483b5b8c04,group project,repeating,equal,1.0,1.0,yes,True
5eadd3cf13f83a483b5b8c04,scheduling,alternating,less,0.0,2.0,yes,True
5eadd3cf13f83a483b5b8c04,gifts,repeating,less,0.0,3.0,yes,True
5eadd3cf13f83a483b5b8c04,coffee,repeating,equal,0.0,6.0,yes,True
5eadd3cf13f83a483b5b8c04,meeting prep,repeating,less,0.0,4.0,yes,True
5eadd3cf13f83a483b5b8c04,police,alternating,equal,0.0,6.0,yes,True
5eadd3cf13f83a483b5b8c04,family meals,alternating,more,0.0,6.0,yes,True
5eadd3cf13f83a483b5b8c04,concerts,alternating,less,0.0,6.0,yes,True
5eadd3cf13f83a483b5b8c04,babysitting,alternating,just_met,0.0,6.0,yes,True
5eadd3cf13f83a483b5b8c04,weekend,alternating,equal,0.0,5.0,yes,True
5eadd3cf13f83a483b5b8c04,fundraising,repeating,more,1.0,0.0,yes,True
5eadd3cf13f83a483b5b8c04,groceries,alternating,more,0.0,6.0,yes,True
5eadd3cf13f83a483b5b8c04,architects,alternating,just_met,0.0,6.0,yes,True
5eadd3cf13f83a483b5b8c04,feedback,repeating,more,0.0,4.0,yes,True
5eadd3cf13f83a483b5b8c04,restaurant,repeating,just_met,0.0,6.0,yes,True
5eadd3cf13f83a483b5b8c04,housemates,repeating,just_met,0.0,6.0,yes,True
5ec189f03d870d5ba617fcc4,fundraising,repeating,equal,2.0,1.0,yes,True
5ec189f03d870d5ba617fcc4,gifts,alternating,more,0.0,6.0,yes,True
5ec189f03d870d5ba617fcc4,restaurant,alternating,more,0.0,6.0,yes,True
5ec189f03d870d5ba617fcc4,family meals,alternating,just_met,0.0,6.0,yes,True
5ec189f03d870d5ba617fcc4,concerts,repeating,less,6.0,0.0,yes,True
5ec189f03d870d5ba617fcc4,group project,repeating,more,1.0,2.0,yes,True
5ec189f03d870d5ba617fcc4,police,alternating,less,0.0,6.0,yes,True
5ec189f03d870d5ba617fcc4,feedback,alternating,equal,0.0,6.0,yes,True
5ec189f03d870d5ba617fcc4,housemates,repeating,just_met,0.0,6.0,yes,True
5ec189f03d870d5ba617fcc4,scheduling,repeating,more,0.0,6.0,yes,True
5ec189f03d870d5ba617fcc4,architects,repeating,equal,0.0,6.0,yes,True
5ec189f03d870d5ba617fcc4,coffee,alternating,just_met,0.0,6.0,yes,True
5ec189f03d870d5ba617fcc4,babysitting,alternating,equal,0.0,6.0,yes,True
5ec189f03d870d5ba617fcc4,meeting prep,alternating,less,0.0,6.0,yes,True
5ec189f03d870d5ba617fcc4,weekend,repeating,just_met,0.0,6.0,yes,True
5ec189f03d870d5ba617fcc4,groceries,repeating,less,0.0,6.0,yes,True
5f32e865bd94490a64d9c9f5,housemates,alternating,equal,0.0,6.0,yes,True
5f32e865bd94490a64d9c9f5,group project,alternating,equal,0.0,6.0,yes,True
5f32e865bd94490a64d9c9f5,concerts,repeating,less,0.0,6.0,yes,True
5f32e865bd94490a64d9c9f5,feedback,repeating,equal,0.0,6.0,yes,True
5f32e865bd94490a64d9c9f5,coffee,alternating,just_met,0.0,6.0,yes,True
5f32e865bd94490a64d9c9f5,babysitting,repeating,just_met,1.0,0.0,yes,True
5f32e865bd94490a64d9c9f5,scheduling,repeating,just_met,0.0,6.0,yes,True
5f32e865bd94490a64d9c9f5,meeting prep,alternating,less,0.0,6.0,yes,True
5f32e865bd94490a64d9c9f5,groceries,alternating,more,0.0,6.0,yes,True
5f32e865bd94490a64d9c9f5,fundraising,alternating,just_met,0.0,6.0,yes,True
5f32e865bd94490a64d9c9f5,gifts,repeating,more,1.0,1.0,yes,True
5f32e865bd94490a64d9c9f5,police,repeating,equal,0.0,6.0,yes,True
5f32e865bd94490a64d9c9f5,architects,alternating,more,0.0,6.0,yes,True
5f32e865bd94490a64d9c9f5,family meals,repeating,more,0.0,6.0,yes,True
5f32e865bd94490a64d9c9f5,weekend,repeating,less,0.0,6.0,yes,True
5f32e865bd94490a64d9c9f5,restaurant,alternating,less,0.0,6.0,yes,True
5f3ecc42701f7b169ba22ff9,architects,repeating,less,2.0,3.0,yes,True
5f3ecc42701f7b169ba22ff9,meeting prep,alternating,equal,0.0,6.0,yes,True
5f3ecc42701f7b169ba22ff9,weekend,repeating,more,0.0,6.0,yes,True
5f3ecc42701f7b169ba22ff9,fundraising,repeating,just_met,0.0,6.0,yes,True
5f3ecc42701f7b169ba22ff9,police,repeating,more,0.0,6.0,yes,True
5f3ecc42701f7b169ba22ff9,restaurant,alternating,less,0.0,6.0,yes,True
5f3ecc42701f7b169ba22ff9,groceries,alternating,just_met,0.0,6.0,yes,True
5f3ecc42701f7b169ba22ff9,babysitting,repeating,less,0.0,6.0,yes,True
5f3ecc42701f7b169ba22ff9,gifts,alternating,equal,0.0,6.0,yes,True
5f3ecc42701f7b169ba22ff9,concerts,repeating,equal,1.0,4.0,yes,True
5f3ecc42701f7b169ba22ff9,group project,alternating,more,0.0,5.0,yes,True
5f3ecc42701f7b169ba22ff9,housemates,alternating,less,0.0,5.0,yes,True
5f3ecc42701f7b169ba22ff9,scheduling,repeating,equal,0.0,6.0,yes,True
5f3ecc42701f7b169ba22ff9,feedback,repeating,just_met,0.0,5.0,yes,True
5f3ecc42701f7b169ba22ff9,family meals,alternating,just_met,0.0,5.0,yes,True
5f3ecc42701f7b169ba22ff9,coffee,alternating,more,0.0,5.0,yes,True
5f51135fd3e0342eda5f66c5,feedback,alternating,less,1.0,2.0,yes,True
5f51135fd3e0342eda5f66c5,fundraising,alternating,less,0.0,5.0,yes,True
5f51135fd3e0342eda5f66c5,housemates,repeating,equal,0.0,6.0,yes,True
5f51135fd3e0342eda5f66c5,scheduling,alternating,more,1.0,4.0,yes,True
5f51135fd3e0342eda5f66c5,weekend,repeating,just_met,0.0,5.0,yes,True
5f51135fd3e0342eda5f66c5,restaurant,repeating,equal,0.0,5.0,yes,True
5f51135fd3e0342eda5f66c5,coffee,alternating,just_met,0.0,6.0,yes,True
5f51135fd3e0342eda5f66c5,architects,alternating,equal,0.0,5.0,yes,True
5f51135fd3e0342eda5f66c5,babysitting,alternating,equal,1.0,6.0,yes,True
5f51135fd3e0342eda5f66c5,gifts,repeating,more,2.0,5.0,yes,True
5f51135fd3e0342eda5f66c5,meeting prep,repeating,more,0.0,5.0,yes,True
5f51135fd3e0342eda5f66c5,group project,alternating,just_met,1.0,3.0,yes,True
5f51135fd3e0342eda5f66c5,police,repeating,just_met,0.0,5.0,yes,True
5f51135fd3e0342eda5f66c5,concerts,alternating,more,0.0,6.0,yes,True
5f51135fd3e0342eda5f66c5,groceries,repeating,less,0.0,6.0,yes,True
5f51135fd3e0342eda5f66c5,family meals,repeating,less,2.0,4.0,yes,True
5f5848bad298df3b59ffcd12,feedback,alternating,more,0.0,4.0,yes,True
5f5848bad298df3b59ffcd12,police,alternating,more,0.0,5.0,yes,True
5f5848bad298df3b59ffcd12,fundraising,repeating,less,1.0,1.0,yes,True
5f5848bad298df3b59ffcd12,weekend,alternating,equal,0.0,6.0,yes,True
5f5848bad298df3b59ffcd12,group project,repeating,more,3.0,1.0,yes,True
5f5848bad298df3b59ffcd12,housemates,repeating,more,0.0,5.0,yes,True
5f5848bad298df3b59ffcd12,family meals,repeating,just_met,0.0,6.0,yes,True
5f5848bad298df3b59ffcd12,babysitting,alternating,less,0.0,6.0,yes,True
5f5848bad298df3b59ffcd12,groceries,alternating,just_met,0.0,6.0,yes,True
5f5848bad298df3b59ffcd12,concerts,alternating,equal,0.0,6.0,yes,True
5f5848bad298df3b59ffcd12,scheduling,alternating,less,0.0,5.0,yes,True
5f5848bad298df3b59ffcd12,architects,alternating,just_met,1.0,5.0,yes,True
5f5848bad298df3b59ffcd12,restaurant,repeating,equal,0.0,6.0,yes,True
5f5848bad298df3b59ffcd12,gifts,repeating,just_met,0.0,6.0,yes,True
5f5848bad298df3b59ffcd12,meeting prep,repeating,equal,0.0,4.0,yes,True
5f5848bad298df3b59ffcd12,coffee,repeating,less,0.0,4.0,yes,True
5fbdde99e3096b24351dc1cb,housemates,repeating,equal,0.0,0.0,yes,True
5fbdde99e3096b24351dc1cb,fundraising,alternating,less,0.0,4.0,yes,True
5fbdde99e3096b24351dc1cb,family meals,repeating,less,0.0,6.0,yes,True
5fbdde99e3096b24351dc1cb,group project,alternating,just_met,1.0,4.0,yes,True
5fbdde99e3096b24351dc1cb,feedback,alternating,less,0.0,5.0,yes,True
5fbdde99e3096b24351dc1cb,scheduling,alternating,more,0.0,3.0,yes,True
5fbdde99e3096b24351dc1cb,restaurant,repeating,equal,0.0,6.0,yes,True
5fbdde99e3096b24351dc1cb,architects,alternating,equal,0.0,6.0,yes,True
5fbdde99e3096b24351dc1cb,groceries,repeating,less,0.0,6.0,yes,True
5fbdde99e3096b24351dc1cb,concerts,alternating,more,0.0,6.0,yes,True
5fbdde99e3096b24351dc1cb,meeting prep,repeating,more,0.0,6.0,yes,True
5fbdde99e3096b24351dc1cb,police,repeating,just_met,0.0,6.0,yes,True
5fbdde99e3096b24351dc1cb,coffee,alternating,just_met,0.0,6.0,yes,True
5fbdde99e3096b24351dc1cb,gifts,repeating,more,2.0,3.0,yes,True
5fbdde99e3096b24351dc1cb,babysitting,alternating,equal,0.0,6.0,yes,True
5fbdde99e3096b24351dc1cb,weekend,repeating,just_met,0.0,6.0,yes,True
5fc2ab07be970b4cde3ba33d,family meals,alternating,just_met,0.0,6.0,yes,True
5fc2ab07be970b4cde3ba33d,scheduling,repeating,more,1.0,1.0,yes,True
5fc2ab07be970b4cde3ba33d,architects,repeating,equal,0.0,5.0,yes,True
5fc2ab07be970b4cde3ba33d,coffee,alternating,just_met,0.0,5.0,yes,True
5fc2ab07be970b4cde3ba33d,concerts,repeating,less,0.0,5.0,yes,True
5fc2ab07be970b4cde3ba33d,police,alternating,less,1.0,4.0,yes,True
5fc2ab07be970b4cde3ba33d,feedback,alternating,equal,0.0,5.0,yes,True
5fc2ab07be970b4cde3ba33d,gifts,alternating,more,0.0,5.0,yes,True
5fc2ab07be970b4cde3ba33d,meeting prep,alternating,less,0.0,6.0,yes,True
5fc2ab07be970b4cde3ba33d,fundraising,repeating,equal,1.0,5.0,yes,True
5fc2ab07be970b4cde3ba33d,weekend,repeating,just_met,1.0,5.0,yes,True
5fc2ab07be970b4cde3ba33d,restaurant,alternating,more,0.0,5.0,yes,True
5fc2ab07be970b4cde3ba33d,babysitting,alternating,equal,0.0,5.0,yes,True
5fc2ab07be970b4cde3ba33d,group project,repeating,more,1.0,4.0,yes,True
5fc2ab07be970b4cde3ba33d,groceries,repeating,less,0.0,5.0,yes,True
5fc2ab07be970b4cde3ba33d,housemates,repeating,just_met,0.0,6.0,yes,True
5fc5c8cd0ddd731579639c07,architects,repeating,just_met,3.0,2.0,yes,True
5fc5c8cd0ddd731579639c07,family meals,repeating,equal,0.0,6.0,yes,True
5fc5c8cd0ddd731579639c07,restaurant,alternating,less,0.0,6.0,yes,True
5fc5c8cd0ddd731579639c07,feedback,alternating,just_met,0.0,5.0,yes,True
5fc5c8cd0ddd731579639c07,coffee,repeating,equal,0.0,6.0,yes,True
5fc5c8cd0ddd731579639c07,police,repeating,more,0.0,3.0,yes,True
5fc5c8cd0ddd731579639c07,scheduling,repeating,less,0.0,6.0,yes,True
5fc5c8cd0ddd731579639c07,concerts,alternating,more,0.0,6.0,yes,True
5fc5c8cd0ddd731579639c07,group project,repeating,less,6.0,0.0,yes,True
5fc5c8cd0ddd731579639c07,fundraising,repeating,just_met,4.0,0.0,yes,True
5fc5c8cd0ddd731579639c07,housemates,alternating,equal,0.0,6.0,yes,True
5fc5c8cd0ddd731579639c07,babysitting,alternating,just_met,0.0,6.0,yes,True
5fc5c8cd0ddd731579639c07,meeting prep,repeating,more,2.0,1.0,yes,True
5fc5c8cd0ddd731579639c07,groceries,alternating,more,0.0,6.0,yes,True
5fc5c8cd0ddd731579639c07,gifts,alternating,less,0.0,5.0,yes,True
5fc5c8cd0ddd731579639c07,weekend,alternating,equal,0.0,6.0,yes,True
5fc67d2039043500089c86ae,fundraising,alternating,equal,0.0,4.0,yes,True
5fc67d2039043500089c86ae,weekend,repeating,less,1.0,4.0,yes,True
5fc67d2039043500089c86ae,family meals,repeating,equal,3.0,3.0,yes,True
5fc67d2039043500089c86ae,housemates,repeating,more,0.0,6.0,yes,True
5fc67d2039043500089c86ae,concerts,repeating,just_met,0.0,5.0,yes,True
5fc67d2039043500089c86ae,groceries,repeating,equal,0.0,5.0,yes,True
5fc67d2039043500089c86ae,restaurant,repeating,more,1.0,3.0,yes,True
5fc67d2039043500089c86ae,feedback,alternating,equal,0.0,3.0,yes,True
5fc67d2039043500089c86ae,architects,alternating,more,0.0,4.0,yes,True
5fc67d2039043500089c86ae,scheduling,repeating,just_met,0.0,4.0,yes,True
5fc67d2039043500089c86ae,group project,alternating,less,0.0,3.0,yes,True
5fc67d2039043500089c86ae,meeting prep,alternating,just_met,0.0,4.0,yes,True
5fc67d2039043500089c86ae,gifts,alternating,just_met,0.0,5.0,yes,True
5fc67d2039043500089c86ae,police,repeating,less,3.0,2.0,yes,True
5fc67d2039043500089c86ae,babysitting,alternating,more,0.0,4.0,yes,True
5fc67d2039043500089c86ae,coffee,alternating,less,1.0,3.0,yes,True
5fc70f3bd255c10f0b2346ba,restaurant,repeating,equal,1.0,5.0,yes,True
5fc70f3bd255c10f0b2346ba,scheduling,alternating,equal,0.0,6.0,yes,True
5fc70f3bd255c10f0b2346ba,groceries,alternating,just_met,0.0,6.0,yes,True
5fc70f3bd255c10f0b2346ba,housemates,repeating,more,1.0,4.0,yes,True
5fc70f3bd255c10f0b2346ba,gifts,repeating,equal,0.0,5.0,yes,True
5fc70f3bd255c10f0b2346ba,group project,alternating,equal,0.0,6.0,yes,True
5fc70f3bd255c10f0b2346ba,babysitting,repeating,less,0.0,6.0,yes,True
5fc70f3bd255c10f0b2346ba,coffee,alternating,more,0.0,6.0,yes,True
5fc70f3bd255c10f0b2346ba,architects,alternating,less,0.0,6.0,yes,True
5fc70f3bd255c10f0b2346ba,weekend,repeating,more,1.0,4.0,yes,True
5fc70f3bd255c10f0b2346ba,family meals,alternating,more,0.0,6.0,yes,True
5fc70f3bd255c10f0b2346ba,feedback,repeating,less,0.0,5.0,yes,True
5fc70f3bd255c10f0b2346ba,concerts,alternating,just_met,0.0,6.0,yes,True
5fc70f3bd255c10f0b2346ba,fundraising,alternating,less,0.0,3.0,yes,True
5fc70f3bd255c10f0b2346ba,police,repeating,just_met,0.0,6.0,yes,True
5fc70f3bd255c10f0b2346ba,meeting prep,repeating,just_met,1.0,3.0,yes,True
5fee0c90eb52700cd9752702,concerts,alternating,just_met,0.0,6.0,yes,True
5fee0c90eb52700cd9752702,family meals,alternating,more,2.0,6.0,yes,True
5fee0c90eb52700cd9752702,architects,alternating,less,2.0,4.0,yes,True
5fee0c90eb52700cd9752702,police,repeating,just_met,1.0,2.0,yes,True
5fee0c90eb52700cd9752702,meeting prep,repeating,just_met,2.0,1.0,yes,True
5fee0c90eb52700cd9752702,fundraising,alternating,less,0.0,6.0,yes,True
5fee0c90eb52700cd9752702,housemates,repeating,more,1.0,1.0,yes,True
5fee0c90eb52700cd9752702,feedback,repeating,less,2.0,1.0,yes,True
5fee0c90eb52700cd9752702,babysitting,repeating,less,0.0,1.0,yes,True
5fee0c90eb52700cd9752702,gifts,repeating,equal,3.0,0.0,yes,True
5fee0c90eb52700cd9752702,groceries,alternating,just_met,1.0,3.0,yes,True
5fee0c90eb52700cd9752702,coffee,alternating,more,0.0,6.0,yes,True
5fee0c90eb52700cd9752702,restaurant,repeating,equal,1.0,0.0,yes,True
5fee0c90eb52700cd9752702,weekend,repeating,more,0.0,4.0,yes,True
5fee0c90eb52700cd9752702,group project,alternating,equal,1.0,1.0,yes,True
5fee0c90eb52700cd9752702,scheduling,alternating,equal,0.0,1.0,yes,True
605fbc12c61d8d10250f6e51,meeting prep,alternating,just_met,0.0,4.0,yes,True
605fbc12c61d8d10250f6e51,groceries,repeating,equal,0.0,4.0,yes,True
605fbc12c61d8d10250f6e51,babysitting,alternating,more,0.0,5.0,yes,True
605fbc12c61d8d10250f6e51,fundraising,alternating,equal,0.0,5.0,yes,True
605fbc12c61d8d10250f6e51,gifts,alternating,just_met,0.0,5.0,yes,True
605fbc12c61d8d10250f6e51,group project,alternating,less,0.0,5.0,yes,True
605fbc12c61d8d10250f6e51,architects,alternating,more,0.0,5.0,yes,True
605fbc12c61d8d10250f6e51,concerts,repeating,just_met,0.0,5.0,yes,True
605fbc12c61d8d10250f6e51,housemates,repeating,more,0.0,4.0,yes,True
605fbc12c61d8d10250f6e51,restaurant,repeating,more,0.0,5.0,yes,True
605fbc12c61d8d10250f6e51,scheduling,repeating,just_met,0.0,4.0,yes,True
605fbc12c61d8d10250f6e51,feedback,alternating,equal,0.0,5.0,yes,True
605fbc12c61d8d10250f6e51,weekend,repeating,less,0.0,5.0,yes,True
605fbc12c61d8d10250f6e51,police,repeating,less,0.0,5.0,yes,True
605fbc12c61d8d10250f6e51,coffee,alternating,less,0.0,5.0,yes,True
605fbc12c61d8d10250f6e51,family meals,repeating,equal,0.0,5.0,yes,True
60abdc82ec2d1e548b986424,housemates,repeating,more,0.0,4.0,yes,True
60abdc82ec2d1e548b986424,concerts,alternating,equal,0.0,5.0,yes,True
60abdc82ec2d1e548b986424,fundraising,repeating,less,1.0,0.0,yes,True
60abdc82ec2d1e548b986424,restaurant,repeating,equal,0.0,4.0,yes,True
60abdc82ec2d1e548b986424,meeting prep,repeating,equal,0.0,0.0,yes,True
60abdc82ec2d1e548b986424,police,alternating,more,0.0,5.0,yes,True
60abdc82ec2d1e548b986424,weekend,alternating,equal,0.0,5.0,yes,True
60abdc82ec2d1e548b986424,family meals,repeating,just_met,0.0,5.0,yes,True
60abdc82ec2d1e548b986424,architects,alternating,just_met,0.0,5.0,yes,True
60abdc82ec2d1e548b986424,coffee,repeating,less,0.0,5.0,yes,True
60abdc82ec2d1e548b986424,babysitting,alternating,less,0.0,5.0,yes,True
60abdc82ec2d1e548b986424,scheduling,alternating,less,0.0,5.0,yes,True
60abdc82ec2d1e548b986424,feedback,alternating,more,0.0,5.0,yes,True
60abdc82ec2d1e548b986424,group project,repeating,more,2.0,0.0,yes,True
60abdc82ec2d1e548b986424,groceries,alternating,just_met,0.0,5.0,yes,True
60abdc82ec2d1e548b986424,gifts,repeating,just_met,0.0,5.0,yes,True
60b9153f54f9eb0f559e839b,architects,alternating,equal,0.0,1.0,yes,True
60b9153f54f9eb0f559e839b,meeting prep,repeating,less,0.0,3.0,yes,True
60b9153f54f9eb0f559e839b,family meals,repeating,just_met,0.0,6.0,yes,True
60b9153f54f9eb0f559e839b,gifts,repeating,more,0.0,6.0,yes,True
60b9153f54f9eb0f559e839b,coffee,repeating,just_met,0.0,5.0,yes,True
60b9153f54f9eb0f559e839b,weekend,alternating,just_met,0.0,6.0,yes,True
60b9153f54f9eb0f559e839b,police,repeating,less,1.0,3.0,yes,True
60b9153f54f9eb0f559e839b,fundraising,alternating,equal,1.0,5.0,yes,True
60b9153f54f9eb0f559e839b,concerts,alternating,less,0.0,5.0,yes,True
60b9153f54f9eb0f559e839b,babysitting,repeating,equal,0.0,3.0,yes,True
60b9153f54f9eb0f559e839b,groceries,alternating,less,0.0,5.0,yes,True
60b9153f54f9eb0f559e839b,scheduling,alternating,more,0.0,5.0,yes,True
60b9153f54f9eb0f559e839b,housemates,alternating,just_met,0.0,5.0,yes,True
60b9153f54f9eb0f559e839b,group project,alternating,more,0.0,5.0,yes,True
60b9153f54f9eb0f559e839b,feedback,repeating,equal,0.0,4.0,yes,True
60b9153f54f9eb0f559e839b,restaurant,repeating,more,1.0,2.0,yes,True
60c2cc653d0c6208fc8899fc,police,alternating,just_met,2.0,5.0,yes,True
60c2cc653d0c6208fc8899fc,concerts,repeating,more,0.0,5.0,yes,True
60c2cc653d0c6208fc8899fc,weekend,alternating,just_met,0.0,4.0,yes,True
60c2cc653d0c6208fc8899fc,scheduling,repeating,more,2.0,1.0,yes,True
60c2cc653d0c6208fc8899fc,coffee,repeating,just_met,0.0,4.0,yes,True
60c2cc653d0c6208fc8899fc,gifts,alternating,more,0.0,5.0,yes,True
60c2cc653d0c6208fc8899fc,fundraising,repeating,less,0.0,4.0,yes,True
60c2cc653d0c6208fc8899fc,babysitting,repeating,equal,0.0,5.0,yes,True
60c2cc653d0c6208fc8899fc,family meals,alternating,less,0.0,5.0,yes,True
60c2cc653d0c6208fc8899fc,group project,repeating,just_met,0.0,3.0,yes,True
60c2cc653d0c6208fc8899fc,restaurant,alternating,equal,0.0,2.0,yes,True
60c2cc653d0c6208fc8899fc,housemates,alternating,equal,0.0,3.0,yes,True
60c2cc653d0c6208fc8899fc,meeting prep,alternating,more,3.0,3.0,yes,True
60c2cc653d0c6208fc8899fc,groceries,alternating,less,1.0,4.0,yes,True
60c2cc653d0c6208fc8899fc,feedback,repeating,less,2.0,5.0,yes,True
60c2cc653d0c6208fc8899fc,architects,repeating,equal,3.0,2.0,yes,True
60ea8e0a21b4d8ed9eddcc82,housemates,alternating,just_met,0.0,,yes,True
60ea8e0a21b4d8ed9eddcc82,feedback,alternating,more,0.0,0,yes,True
60ea8e0a21b4d8ed9eddcc82,architects,repeating,just_met,,6,yes,True
60ea8e0a21b4d8ed9eddcc82,babysitting,repeating,just_met,0,6,yes,True
60ea8e0a21b4d8ed9eddcc82,family meals,repeating,more,2,4,yes,True
60ea8e0a21b4d8ed9eddcc82,fundraising,alternating,more,0,6,yes,True
60ea8e0a21b4d8ed9eddcc82,scheduling,repeating,less,0,6,yes,True
60ea8e0a21b4d8ed9eddcc82,groceries,repeating,more,5,3,yes,True
60ea8e0a21b4d8ed9eddcc82,meeting prep,alternating,less,0,6,yes,True
60ea8e0a21b4d8ed9eddcc82,coffee,alternating,equal,0,6,yes,True
60ea8e0a21b4d8ed9eddcc82,concerts,repeating,less,0,6,yes,True
60ea8e0a21b4d8ed9eddcc82,restaurant,alternating,just_met,0,6,yes,True
60ea8e0a21b4d8ed9eddcc82,police,repeating,equal,0,6,yes,True
60ea8e0a21b4d8ed9eddcc82,gifts,alternating,less,0,6,yes,True
60ea8e0a21b4d8ed9eddcc82,group project,alternating,equal,1,5,yes,True
60ea8e0a21b4d8ed9eddcc82,weekend,repeating,equal,0,6,yes,True
60fcd954f5ff1656599b53c9,concerts,alternating,more,0.0,4.0,yes,True
60fcd954f5ff1656599b53c9,coffee,repeating,equal,0.0,4.0,yes,True
60fcd954f5ff1656599b53c9,fundraising,repeating,equal,0.0,2.0,yes,True
60fcd954f5ff1656599b53c9,gifts,repeating,less,0.0,5.0,yes,True
60fcd954f5ff1656599b53c9,weekend,alternating,more,0.0,6.0,yes,True
60fcd954f5ff1656599b53c9,restaurant,repeating,more,0.0,2.0,yes,True
60fcd954f5ff1656599b53c9,group project,alternating,just_met,0.0,5.0,yes,True
60fcd954f5ff1656599b53c9,groceries,alternating,less,0.0,5.0,yes,True
60fcd954f5ff1656599b53c9,police,repeating,just_met,0.0,5.0,yes,True
60fcd954f5ff1656599b53c9,scheduling,alternating,equal,4.0,0.0,yes,True
60fcd954f5ff1656599b53c9,feedback,repeating,just_met,0.0,5.0,yes,True
60fcd954f5ff1656599b53c9,architects,alternating,less,0.0,6.0,yes,True
60fcd954f5ff1656599b53c9,family meals,repeating,less,0.0,6.0,yes,True
60fcd954f5ff1656599b53c9,babysitting,alternating,equal,0.0,6.0,yes,True
60fcd954f5ff1656599b53c9,meeting prep,repeating,more,0.0,5.0,yes,True
60fcd954f5ff1656599b53c9,housemates,alternating,just_met,0.0,6.0,yes,True
60fd738d6019a3e73c0ecba6,police,alternating,less,0.0,4.0,yes,True
60fd738d6019a3e73c0ecba6,family meals,alternating,equal,0.0,5.0,yes,True
60fd738d6019a3e73c0ecba6,coffee,repeating,less,0.0,4.0,yes,True
60fd738d6019a3e73c0ecba6,feedback,repeating,equal,1.0,3.0,yes,True
60fd738d6019a3e73c0ecba6,housemates,alternating,more,0.0,4.0,yes,True
60fd738d6019a3e73c0ecba6,babysitting,repeating,more,0.0,4.0,yes,True
60fd738d6019a3e73c0ecba6,weekend,alternating,less,0.0,4.0,yes,True
60fd738d6019a3e73c0ecba6,fundraising,repeating,equal,1.0,4.0,yes,True
60fd738d6019a3e73c0ecba6,concerts,alternating,just_met,0.0,4.0,yes,True
60fd738d6019a3e73c0ecba6,gifts,repeating,just_met,0.0,4.0,yes,True
60fd738d6019a3e73c0ecba6,restaurant,alternating,more,0.0,4.0,yes,True
60fd738d6019a3e73c0ecba6,architects,repeating,more,1.0,3.0,yes,True
60fd738d6019a3e73c0ecba6,meeting prep,repeating,just_met,1.0,3.0,yes,True
60fd738d6019a3e73c0ecba6,groceries,alternating,equal,0.0,4.0,yes,True
60fd738d6019a3e73c0ecba6,scheduling,alternating,just_met,0.0,4.0,yes,True
60fd738d6019a3e73c0ecba6,group project,repeating,less,2.0,3.0,yes,True
60fef35575c913648f573049,feedback,repeating,more,0.0,6.0,yes,True
60fef35575c913648f573049,gifts,repeating,less,0.0,6.0,yes,True
60fef35575c913648f573049,fundraising,repeating,more,0.0,6.0,yes,True
60fef35575c913648f573049,babysitting,alternating,just_met,0.0,6.0,yes,True
60fef35575c913648f573049,coffee,repeating,equal,0.0,6.0,yes,True
60fef35575c913648f573049,weekend,alternating,equal,0.0,6.0,yes,True
60fef35575c913648f573049,architects,alternating,just_met,0.0,6.0,yes,True
60fef35575c913648f573049,restaurant,repeating,just_met,0.0,6.0,yes,True
60fef35575c913648f573049,family meals,alternating,more,0.0,6.0,yes,True
60fef35575c913648f573049,police,alternating,equal,0.0,6.0,yes,True
60fef35575c913648f573049,housemates,repeating,just_met,0.0,6.0,yes,True
60fef35575c913648f573049,scheduling,alternating,less,0.0,6.0,yes,True
60fef35575c913648f573049,meeting prep,repeating,less,2.0,1.0,yes,True
60fef35575c913648f573049,concerts,alternating,less,0.0,6.0,yes,True
60fef35575c913648f573049,groceries,alternating,more,0.0,6.0,yes,True
60fef35575c913648f573049,group project,repeating,equal,1.0,4.0,yes,True
60ff2a644895b264d2d15249,fundraising,repeating,just_met,2.0,1.0,yes,True
60ff2a644895b264d2d15249,feedback,repeating,just_met,0.0,4.0,yes,True
60ff2a644895b264d2d15249,police,repeating,more,1.0,4.0,yes,True
60ff2a644895b264d2d15249,architects,repeating,less,1.0,3.0,yes,True
60ff2a644895b264d2d15249,gifts,alternating,equal,0.0,5.0,yes,True
60ff2a644895b264d2d15249,groceries,alternating,just_met,0.0,6.0,yes,True
60ff2a644895b264d2d15249,weekend,repeating,more,0.0,5.0,yes,True
60ff2a644895b264d2d15249,scheduling,repeating,equal,0.0,5.0,yes,True
60ff2a644895b264d2d15249,restaurant,alternating,less,2.0,5.0,yes,True
60ff2a644895b264d2d15249,family meals,alternating,just_met,0.0,6.0,yes,True
60ff2a644895b264d2d15249,housemates,alternating,less,0.0,4.0,yes,True
60ff2a644895b264d2d15249,coffee,alternating,more,0.0,5.0,yes,True
60ff2a644895b264d2d15249,concerts,repeating,equal,0.0,6.0,yes,True
60ff2a644895b264d2d15249,meeting prep,alternating,equal,0.0,5.0,yes,True
60ff2a644895b264d2d15249,babysitting,repeating,less,0.0,5.0,yes,True
60ff2a644895b264d2d15249,group project,alternating,more,0.0,5.0,yes,True
6100243fb01d4edf56b987cc,housemates,repeating,equal,0.0,4.0,yes,True
6100243fb01d4edf56b987cc,concerts,alternating,less,0.0,5.0,yes,True
6100243fb01d4edf56b987cc,groceries,repeating,more,3.0,1.0,yes,True
6100243fb01d4edf56b987cc,coffee,repeating,just_met,0.0,3.0,yes,True
6100243fb01d4edf56b987cc,meeting prep,repeating,less,0.0,3.0,yes,True
6100243fb01d4edf56b987cc,gifts,alternating,more,0.0,6.0,yes,True
6100243fb01d4edf56b987cc,architects,repeating,more,1.0,2.0,yes,True
6100243fb01d4edf56b987cc,family meals,alternating,more,0.0,5.0,yes,True
6100243fb01d4edf56b987cc,restaurant,repeating,less,0.0,5.0,yes,True
6100243fb01d4edf56b987cc,police,alternating,equal,0.0,6.0,yes,True
6100243fb01d4edf56b987cc,feedback,alternating,equal,0.0,6.0,yes,True
6100243fb01d4edf56b987cc,weekend,alternating,less,0.0,2.0,yes,True
6100243fb01d4edf56b987cc,scheduling,alternating,just_met,0.0,4.0,yes,True
6100243fb01d4edf56b987cc,babysitting,alternating,just_met,0.0,6.0,yes,True
6100243fb01d4edf56b987cc,group project,repeating,equal,5.0,0.0,yes,True
6100243fb01d4edf56b987cc,fundraising,repeating,just_met,4.0,1.0,yes,True
6103217486fd393d9efbba25,weekend,repeating,equal,0.0,1.0,yes,True
6103217486fd393d9efbba25,scheduling,repeating,less,4.0,0.0,yes,True
6103217486fd393d9efbba25,meeting prep,alternating,less,0.0,5.0,yes,True
6103217486fd393d9efbba25,group project,alternating,equal,0.0,5.0,yes,True
6103217486fd393d9efbba25,police,repeating,equal,6.0,0.0,yes,True
6103217486fd393d9efbba25,coffee,alternating,equal,0.0,6.0,yes,True
6103217486fd393d9efbba25,babysitting,repeating,just_met,0.0,6.0,yes,True
6103217486fd393d9efbba25,architects,repeating,just_met,0.0,5.0,yes,True
6103217486fd393d9efbba25,gifts,alternating,less,0.0,6.0,yes,True
6103217486fd393d9efbba25,restaurant,alternating,just_met,0.0,4.0,yes,True
6103217486fd393d9efbba25,fundraising,alternating,more,0.0,4.0,yes,True
6103217486fd393d9efbba25,housemates,alternating,just_met,0.0,6.0,yes,True
6103217486fd393d9efbba25,concerts,repeating,less,5.0,0.0,yes,True
6103217486fd393d9efbba25,feedback,alternating,more,0.0,5.0,yes,True
6103217486fd393d9efbba25,family meals,repeating,more,0.0,6.0,yes,True
6103217486fd393d9efbba25,groceries,repeating,more,1.0,0.0,yes,True
6107cd8f1e72bcba832478d7,feedback,alternating,just_met,0.0,6.0,yes,True
6107cd8f1e72bcba832478d7,weekend,alternating,more,0.0,6.0,yes,True
6107cd8f1e72bcba832478d7,police,alternating,more,0.0,6.0,yes,True
6107cd8f1e72bcba832478d7,concerts,alternating,equal,0.0,6.0,yes,True
6107cd8f1e72bcba832478d7,group project,repeating,more,3.0,0.0,yes,True
6107cd8f1e72bcba832478d7,fundraising,alternating,just_met,2.0,0.0,yes,True
6107cd8f1e72bcba832478d7,meeting prep,repeating,equal,0.0,3.0,yes,True
6107cd8f1e72bcba832478d7,groceries,repeating,just_met,0.0,6.0,yes,True
6107cd8f1e72bcba832478d7,gifts,repeating,equal,1.0,4.0,yes,True
6107cd8f1e72bcba832478d7,architects,alternating,less,0.0,5.0,yes,True
6107cd8f1e72bcba832478d7,scheduling,alternating,equal,0.0,6.0,yes,True
6107cd8f1e72bcba832478d7,family meals,repeating,just_met,0.0,6.0,yes,True
6107cd8f1e72bcba832478d7,babysitting,alternating,less,0.0,6.0,yes,True
6107cd8f1e72bcba832478d7,coffee,repeating,more,0.0,6.0,yes,True
6107cd8f1e72bcba832478d7,housemates,repeating,less,0.0,6.0,yes,True
6107cd8f1e72bcba832478d7,restaurant,repeating,less,0.0,6.0,yes,True
61085df762ade24892b6fb01,restaurant,repeating,more,2.0,0.0,yes,True
61085df762ade24892b6fb01,weekend,alternating,just_met,0.0,4.0,yes,True
61085df762ade24892b6fb01,meeting prep,repeating,less,0.0,5.0,yes,True
61085df762ade24892b6fb01,concerts,alternating,less,0.0,5.0,yes,True
61085df762ade24892b6fb01,feedback,repeating,equal,0.0,4.0,yes,True
61085df762ade24892b6fb01,housemates,alternating,just_met,0.0,6.0,yes,True
61085df762ade24892b6fb01,fundraising,alternating,equal,0.0,5.0,yes,True
61085df762ade24892b6fb01,family meals,repeating,just_met,3.0,1.0,yes,True
61085df762ade24892b6fb01,scheduling,alternating,more,0.0,4.0,yes,True
61085df762ade24892b6fb01,babysitting,repeating,equal,1.0,1.0,yes,True
61085df762ade24892b6fb01,gifts,repeating,more,0.0,3.0,yes,True
61085df762ade24892b6fb01,police,repeating,less,2.0,2.0,yes,True
61085df762ade24892b6fb01,architects,alternating,equal,0.0,5.0,yes,True
61085df762ade24892b6fb01,coffee,repeating,just_met,0.0,4.0,yes,True
61085df762ade24892b6fb01,groceries,alternating,less,0.0,6.0,yes,True
61085df762ade24892b6fb01,group project,alternating,more,0.0,4.0,yes,True
610c5f5975cae7507da4d228,family meals,repeating,equal,4.0,2.0,yes,True
610c5f5975cae7507da4d228,housemates,alternating,equal,2.0,1.0,yes,True
610c5f5975cae7507da4d228,fundraising,repeating,just_met,0.0,4.0,yes,True
610c5f5975cae7507da4d228,meeting prep,repeating,more,1.0,4.0,yes,True
610c5f5975cae7507da4d228,weekend,alternating,equal,0.0,5.0,yes,True
610c5f5975cae7507da4d228,concerts,alternating,more,0.0,6.0,yes,True
610c5f5975cae7507da4d228,babysitting,alternating,just_met,1.0,1.0,yes,True
610c5f5975cae7507da4d228,architects,repeating,just_met,2.0,,yes,True
610c5f5975cae7507da4d228,feedback,alternating,just_met,0.0,4,yes,True
610c5f5975cae7507da4d228,police,repeating,more,0.0,2,yes,True
610c5f5975cae7507da4d228,gifts,alternating,less,0.0,5,yes,True
610c5f5975cae7507da4d228,restaurant,alternating,less,2.0,1,yes,True
610c5f5975cae7507da4d228,groceries,alternating,more,1.0,0,yes,True
610c5f5975cae7507da4d228,scheduling,repeating,less,0.0,4,yes,True
610c5f5975cae7507da4d228,coffee,repeating,equal,2.0,1,yes,True
610c5f5975cae7507da4d228,group project,repeating,less,1.0,3,yes,True
61369e0db0f0be2588e09863,gifts,alternating,just_met,0.0,6.0,yes,True
61369e0db0f0be2588e09863,architects,repeating,just_met,1.0,2.0,yes,True
61369e0db0f0be2588e09863,concerts,repeating,equal,0.0,4.0,yes,True
61369e0db0f0be2588e09863,police,repeating,more,1.0,1.0,yes,True
61369e0db0f0be2588e09863,fundraising,alternating,less,0.0,6.0,yes,True
61369e0db0f0be2588e09863,meeting prep,alternating,equal,0.0,6.0,yes,True
61369e0db0f0be2588e09863,weekend,repeating,equal,0.0,3.0,yes,True
61369e0db0f0be2588e09863,groceries,repeating,just_met,0.0,2.0,yes,True
61369e0db0f0be2588e09863,group project,alternating,more,2.0,1.0,yes,True
61369e0db0f0be2588e09863,feedback,repeating,more,0.0,3.0,yes,True
61369e0db0f0be2588e09863,housemates,alternating,more,1.0,1.0,yes,True
61369e0db0f0be2588e09863,scheduling,repeating,less,0.0,5.0,yes,True
61369e0db0f0be2588e09863,family meals,alternating,just_met,0.0,6.0,yes,True
61369e0db0f0be2588e09863,restaurant,alternating,equal,0.0,6.0,yes,True
61369e0db0f0be2588e09863,babysitting,repeating,less,0.0,4.0,yes,True
61369e0db0f0be2588e09863,coffee,alternating,less,0.0,6.0,yes,True
6234dbba467fabd56fa59e1a,weekend,repeating,more,0.0,6.0,yes,True
6234dbba467fabd56fa59e1a,groceries,repeating,less,0.0,2.0,yes,True
6234dbba467fabd56fa59e1a,fundraising,alternating,equal,0.0,6.0,yes,True
6234dbba467fabd56fa59e1a,feedback,alternating,just_met,0.0,6.0,yes,True
6234dbba467fabd56fa59e1a,meeting prep,alternating,more,0.0,3.0,yes,True
6234dbba467fabd56fa59e1a,coffee,alternating,equal,0.0,6.0,yes,True
6234dbba467fabd56fa59e1a,architects,repeating,less,0.0,6.0,yes,True
6234dbba467fabd56fa59e1a,housemates,repeating,just_met,0.0,6.0,yes,True
6234dbba467fabd56fa59e1a,scheduling,repeating,equal,0.0,6.0,yes,True
6234dbba467fabd56fa59e1a,concerts,repeating,more,5.0,0.0,yes,True
6234dbba467fabd56fa59e1a,restaurant,alternating,more,0.0,6.0,yes,True
6234dbba467fabd56fa59e1a,gifts,alternating,less,0.0,3.0,yes,True
6234dbba467fabd56fa59e1a,police,alternating,just_met,0.0,6.0,yes,True
6234dbba467fabd56fa59e1a,family meals,alternating,less,0.0,6.0,yes,True
6234dbba467fabd56fa59e1a,babysitting,repeating,equal,1.0,0.0,yes,True
6234dbba467fabd56fa59e1a,group project,repeating,just_met,6.0,0.0,yes,True
6275fdd2bb2eec085e98432f,scheduling,alternating,just_met,1.0,3.0,yes,True
6275fdd2bb2eec085e98432f,police,alternating,equal,1.0,1.0,yes,True
6275fdd2bb2eec085e98432f,babysitting,alternating,more,0.0,3.0,yes,True
6275fdd2bb2eec085e98432f,gifts,repeating,just_met,0.0,4.0,yes,True
6275fdd2bb2eec085e98432f,weekend,repeating,less,0.0,4.0,yes,True
6275fdd2bb2eec085e98432f,fundraising,repeating,more,0.0,5.0,yes,True
6275fdd2bb2eec085e98432f,housemates,repeating,less,1.0,5.0,yes,True
6275fdd2bb2eec085e98432f,concerts,repeating,equal,1.0,1.0,yes,True
6275fdd2bb2eec085e98432f,architects,repeating,more,0.0,2.0,yes,True
6275fdd2bb2eec085e98432f,groceries,repeating,equal,0.0,5.0,yes,True
6275fdd2bb2eec085e98432f,group project,alternating,just_met,0.0,5.0,yes,True
6275fdd2bb2eec085e98432f,restaurant,repeating,just_met,2.0,0.0,yes,True
6275fdd2bb2eec085e98432f,feedback,alternating,more,0.0,5.0,yes,True
6275fdd2bb2eec085e98432f,meeting prep,alternating,equal,0.0,5.0,yes,True
6275fdd2bb2eec085e98432f,family meals,alternating,less,0.0,6.0,yes,True
6275fdd2bb2eec085e98432f,coffee,alternating,less,0.0,5.0,yes,True
628fb6914fc639e544d9f22f,coffee,repeating,less,3.0,0.0,yes,True
628fb6914fc639e544d9f22f,fundraising,alternating,more,0.0,3.0,yes,True
628fb6914fc639e544d9f22f,housemates,alternating,less,0.0,4.0,yes,True
628fb6914fc639e544d9f22f,group project,repeating,just_met,1.0,1.0,yes,True
628fb6914fc639e544d9f22f,babysitting,repeating,more,4.0,0.0,yes,True
628fb6914fc639e544d9f22f,feedback,repeating,more,0.0,4.0,yes,True
628fb6914fc639e544d9f22f,groceries,alternating,equal,0.0,6.0,yes,True
628fb6914fc639e544d9f22f,weekend,alternating,less,0.0,3.0,yes,True
628fb6914fc639e544d9f22f,architects,alternating,more,0.0,4.0,yes,True
628fb6914fc639e544d9f22f,scheduling,repeating,just_met,0.0,6.0,yes,True
628fb6914fc639e544d9f22f,meeting prep,repeating,equal,0.0,5.0,yes,True
628fb6914fc639e544d9f22f,police,repeating,equal,0.0,6.0,yes,True
628fb6914fc639e544d9f22f,restaurant,alternating,just_met,0.0,4.0,yes,True
628fb6914fc639e544d9f22f,family meals,repeating,less,1.0,3.0,yes,True
628fb6914fc639e544d9f22f,gifts,alternating,just_met,0.0,4.0,yes,True
628fb6914fc639e544d9f22f,concerts,alternating,equal,0.0,4.0,yes,True
62cf8b6eac8db5ea98343fbe,architects,alternating,less,0.0,6.0,yes,True
62cf8b6eac8db5ea98343fbe,feedback,alternating,just_met,0.0,6.0,yes,True
62cf8b6eac8db5ea98343fbe,groceries,repeating,just_met,0.0,5.0,yes,True
62cf8b6eac8db5ea98343fbe,family meals,repeating,just_met,0.0,6.0,yes,True
62cf8b6eac8db5ea98343fbe,fundraising,alternating,just_met,0.0,6.0,yes,True
62cf8b6eac8db5ea98343fbe,housemates,repeating,less,0.0,5.0,yes,True
62cf8b6eac8db5ea98343fbe,babysitting,alternating,less,2.0,3.0,yes,True
62cf8b6eac8db5ea98343fbe,meeting prep,repeating,equal,0.0,6.0,yes,True
62cf8b6eac8db5ea98343fbe,concerts,alternating,equal,0.0,6.0,yes,True
62cf8b6eac8db5ea98343fbe,restaurant,repeating,less,2.0,3.0,yes,True
62cf8b6eac8db5ea98343fbe,coffee,repeating,more,2.0,3.0,yes,True
62cf8b6eac8db5ea98343fbe,gifts,repeating,equal,0.0,6.0,yes,True
62cf8b6eac8db5ea98343fbe,group project,repeating,more,2.0,3.0,yes,True
62cf8b6eac8db5ea98343fbe,police,alternating,more,2.0,3.0,yes,True
62cf8b6eac8db5ea98343fbe,scheduling,alternating,equal,0.0,6.0,yes,True
62cf8b6eac8db5ea98343fbe,weekend,alternating,more,2.0,3.0,yes,True
62e56c430e201fe5d1f09b6d,babysitting,alternating,more,1.0,2.0,yes,True
62e56c430e201fe5d1f09b6d,feedback,repeating,less,0.0,0.0,yes,True
62e56c430e201fe5d1f09b6d,police,repeating,less,1.0,2.0,yes,True
62e56c430e201fe5d1f09b6d,meeting prep,alternating,just_met,0.0,1.0,yes,True
62e56c430e201fe5d1f09b6d,gifts,repeating,equal,1.0,1.0,yes,True
62e56c430e201fe5d1f09b6d,architects,alternating,equal,1.0,3.0,yes,True
62e56c430e201fe5d1f09b6d,scheduling,alternating,more,0.0,0.0,yes,True
62e56c430e201fe5d1f09b6d,housemates,alternating,less,0.0,0.0,yes,True
62e56c430e201fe5d1f09b6d,coffee,repeating,more,0.0,5.0,yes,True
62e56c430e201fe5d1f09b6d,concerts,repeating,just_met,1.0,,yes,True
62e56c430e201fe5d1f09b6d,group project,alternating,less,1.0,1,yes,True
62e56c430e201fe5d1f09b6d,family meals,repeating,equal,1.0,2,yes,True
62e56c430e201fe5d1f09b6d,weekend,repeating,just_met,1.0,1,yes,True
62e56c430e201fe5d1f09b6d,fundraising,repeating,more,1.0,2,yes,True
62e56c430e201fe5d1f09b6d,groceries,alternating,equal,0.0,5,yes,True
62e56c430e201fe5d1f09b6d,restaurant,alternating,just_met,1.0,2,yes,True
62ea3fe730c598a10967ba22,gifts,repeating,equal,0.0,6.0,yes,True
62ea3fe730c598a10967ba22,architects,alternating,less,4.0,3.0,yes,True
62ea3fe730c598a10967ba22,meeting prep,repeating,equal,0.0,4.0,yes,True
62ea3fe730c598a10967ba22,group project,repeating,more,2.0,3.0,yes,True
62ea3fe730c598a10967ba22,feedback,alternating,just_met,0.0,6.0,yes,True
62ea3fe730c598a10967ba22,babysitting,alternating,less,0.0,5.0,yes,True
62ea3fe730c598a10967ba22,police,alternating,more,0.0,6.0,yes,True
62ea3fe730c598a10967ba22,housemates,repeating,less,3.0,4.0,yes,True
62ea3fe730c598a10967ba22,family meals,repeating,just_met,0.0,6.0,yes,True
62ea3fe730c598a10967ba22,groceries,repeating,just_met,1.0,5.0,yes,True
62ea3fe730c598a10967ba22,coffee,repeating,more,1.0,4.0,yes,True
62ea3fe730c598a10967ba22,scheduling,alternating,equal,1.0,5.0,yes,True
62ea3fe730c598a10967ba22,restaurant,repeating,less,0.0,1.0,yes,True
62ea3fe730c598a10967ba22,fundraising,alternating,just_met,0.0,6.0,yes,True
62ea3fe730c598a10967ba22,weekend,alternating,more,0.0,5.0,yes,True
62ea3fe730c598a10967ba22,concerts,alternating,equal,0.0,5.0,yes,True
63161c28f7f6c1d0f60b054f,police,repeating,equal,3.0,5.0,yes,True
63161c28f7f6c1d0f60b054f,group project,repeating,just_met,5.0,0.0,yes,True
63161c28f7f6c1d0f60b054f,coffee,repeating,less,0.0,6.0,yes,True
63161c28f7f6c1d0f60b054f,scheduling,repeating,just_met,0.0,5.0,yes,True
63161c28f7f6c1d0f60b054f,fundraising,alternating,more,0.0,6.0,yes,True
63161c28f7f6c1d0f60b054f,architects,alternating,more,0.0,6.0,yes,True
63161c28f7f6c1d0f60b054f,weekend,alternating,less,0.0,6.0,yes,True
63161c28f7f6c1d0f60b054f,restaurant,alternating,just_met,0.0,6.0,yes,True
63161c28f7f6c1d0f60b054f,babysitting,repeating,more,0.0,6.0,yes,True
63161c28f7f6c1d0f60b054f,groceries,alternating,equal,0.0,6.0,yes,True
63161c28f7f6c1d0f60b054f,housemates,alternating,less,0.0,6.0,yes,True
63161c28f7f6c1d0f60b054f,gifts,alternating,just_met,0.0,6.0,yes,True
63161c28f7f6c1d0f60b054f,meeting prep,repeating,equal,1.0,4.0,yes,True
63161c28f7f6c1d0f60b054f,family meals,repeating,less,0.0,6.0,yes,True
63161c28f7f6c1d0f60b054f,feedback,repeating,more,0.0,6.0,yes,True
63161c28f7f6c1d0f60b054f,concerts,alternating,equal,0.0,6.0,yes,True
631bf96cdf83ffb8f4a7fab8,restaurant,alternating,less,0.0,5.0,yes,True
631bf96cdf83ffb8f4a7fab8,coffee,alternating,more,0.0,6.0,yes,True
631bf96cdf83ffb8f4a7fab8,concerts,repeating,equal,0.0,6.0,yes,True
631bf96cdf83ffb8f4a7fab8,group project,alternating,more,0.0,5.0,yes,True
631bf96cdf83ffb8f4a7fab8,fundraising,repeating,just_met,0.0,4.0,yes,True
631bf96cdf83ffb8f4a7fab8,police,repeating,more,3.0,5.0,yes,True
631bf96cdf83ffb8f4a7fab8,gifts,alternating,equal,0.0,6.0,yes,True
631bf96cdf83ffb8f4a7fab8,architects,repeating,less,3.0,6.0,yes,True
631bf96cdf83ffb8f4a7fab8,groceries,alternating,just_met,2.0,4.0,yes,True
631bf96cdf83ffb8f4a7fab8,babysitting,repeating,less,1.0,5.0,yes,True
631bf96cdf83ffb8f4a7fab8,family meals,alternating,just_met,3.0,5.0,yes,True
631bf96cdf83ffb8f4a7fab8,meeting prep,alternating,equal,0.0,6.0,yes,True
631bf96cdf83ffb8f4a7fab8,weekend,repeating,more,0.0,5.0,yes,True
631bf96cdf83ffb8f4a7fab8,feedback,repeating,just_met,2.0,3.0,yes,True
631bf96cdf83ffb8f4a7fab8,housemates,alternating,less,2.0,4.0,yes,True
631bf96cdf83ffb8f4a7fab8,scheduling,repeating,equal,3.0,5.0,yes,True
63921f485b7f7955d18ce694,meeting prep,repeating,just_met,2.0,2.0,yes,True
63921f485b7f7955d18ce694,police,alternating,less,0.0,5.0,yes,True
63921f485b7f7955d18ce694,feedback,alternating,less,0.0,5.0,yes,True
63921f485b7f7955d18ce694,coffee,alternating,more,0.0,5.0,yes,True
63921f485b7f7955d18ce694,groceries,repeating,equal,0.0,4.0,yes,True
63921f485b7f7955d18ce694,gifts,alternating,equal,0.0,6.0,yes,True
63921f485b7f7955d18ce694,concerts,alternating,just_met,0.0,6.0,yes,True
63921f485b7f7955d18ce694,group project,repeating,less,5.0,0.0,yes,True
63921f485b7f7955d18ce694,scheduling,repeating,more,0.0,3.0,yes,True
63921f485b7f7955d18ce694,weekend,alternating,just_met,1.0,2.0,yes,True
63921f485b7f7955d18ce694,fundraising,alternating,more,0.0,5.0,yes,True
63921f485b7f7955d18ce694,babysitting,repeating,more,4.0,1.0,yes,True
63921f485b7f7955d18ce694,architects,repeating,equal,2.0,3.0,yes,True
63921f485b7f7955d18ce694,housemates,repeating,less,0.0,5.0,yes,True
63921f485b7f7955d18ce694,restaurant,repeating,just_met,0.0,6.0,yes,True
63921f485b7f7955d18ce694,family meals,alternating,equal,0.0,6.0,yes,True
6398db762e009c7af9e1da88,babysitting,repeating,equal,0.0,6.0,yes,True
6398db762e009c7af9e1da88,gifts,alternating,more,0.0,4.0,yes,True
6398db762e009c7af9e1da88,architects,repeating,equal,2.0,2.0,yes,True
6398db762e009c7af9e1da88,restaurant,alternating,equal,0.0,6.0,yes,True
6398db762e009c7af9e1da88,police,alternating,just_met,0.0,6.0,yes,True
6398db762e009c7af9e1da88,scheduling,repeating,more,0.0,6.0,yes,True
6398db762e009c7af9e1da88,groceries,alternating,less,0.0,6.0,yes,True
6398db762e009c7af9e1da88,concerts,repeating,more,0.0,6.0,yes,True
6398db762e009c7af9e1da88,group project,repeating,just_met,1.0,1.0,yes,True
6398db762e009c7af9e1da88,meeting prep,alternating,more,0.0,6.0,yes,True
6398db762e009c7af9e1da88,family meals,alternating,less,0.0,6.0,yes,True
6398db762e009c7af9e1da88,feedback,repeating,less,0.0,6.0,yes,True
6398db762e009c7af9e1da88,weekend,alternating,just_met,0.0,6.0,yes,True
6398db762e009c7af9e1da88,fundraising,repeating,less,1.0,4.0,yes,True
6398db762e009c7af9e1da88,housemates,alternating,equal,0.0,6.0,yes,True
6398db762e009c7af9e1da88,coffee,repeating,just_met,0.0,6.0,yes,True
63d14d27428bcdc47ebf6a00,police,alternating,equal,0.0,4.0,yes,True
63d14d27428bcdc47ebf6a00,meeting prep,alternating,equal,0.0,5.0,yes,True
63d14d27428bcdc47ebf6a00,weekend,repeating,less,0.0,4.0,yes,True
63d14d27428bcdc47ebf6a00,concerts,repeating,equal,0.0,5.0,yes,True
63d14d27428bcdc47ebf6a00,fundraising,repeating,more,0.0,4.0,yes,True
63d14d27428bcdc47ebf6a00,housemates,repeating,less,0.0,5.0,yes,True
63d14d27428bcdc47ebf6a00,family meals,alternating,less,0.0,5.0,yes,True
63d14d27428bcdc47ebf6a00,scheduling,alternating,just_met,0.0,5.0,yes,True
63d14d27428bcdc47ebf6a00,groceries,repeating,equal,0.0,4.0,yes,True
63d14d27428bcdc47ebf6a00,babysitting,alternating,more,0.0,5.0,yes,True
63d14d27428bcdc47ebf6a00,gifts,repeating,just_met,2.0,0.0,yes,True
63d14d27428bcdc47ebf6a00,feedback,alternating,more,0.0,5.0,yes,True
63d14d27428bcdc47ebf6a00,restaurant,repeating,just_met,0.0,6.0,yes,True
63d14d27428bcdc47ebf6a00,group project,alternating,just_met,0.0,5.0,yes,True
63d14d27428bcdc47ebf6a00,architects,repeating,more,4.0,0.0,yes,True
63d14d27428bcdc47ebf6a00,coffee,alternating,less,0.0,5.0,yes,True
63d7ae296798556be9462358,fundraising,repeating,less,0.0,6.0,yes,True
63d7ae296798556be9462358,group project,repeating,just_met,2.0,2.0,yes,True
63d7ae296798556be9462358,scheduling,repeating,more,0.0,6.0,yes,True
63d7ae296798556be9462358,concerts,repeating,more,0.0,6.0,yes,True
63d7ae296798556be9462358,weekend,alternating,just_met,0.0,4.0,yes,True
63d7ae296798556be9462358,housemates,alternating,equal,0.0,3.0,yes,True
63d7ae296798556be9462358,meeting prep,alternating,more,0.0,3.0,yes,True
63d7ae296798556be9462358,architects,repeating,equal,0.0,4.0,yes,True
63d7ae296798556be9462358,groceries,alternating,less,0.0,5.0,yes,True
63d7ae296798556be9462358,coffee,repeating,just_met,0.0,6.0,yes,True
63d7ae296798556be9462358,feedback,repeating,less,1.0,1.0,yes,True
63d7ae296798556be9462358,restaurant,alternating,equal,0.0,4.0,yes,True
63d7ae296798556be9462358,police,alternating,just_met,0.0,6.0,yes,True
63d7ae296798556be9462358,gifts,alternating,more,0.0,6.0,yes,True
63d7ae296798556be9462358,babysitting,repeating,equal,0.0,6.0,yes,True
63d7ae296798556be9462358,family meals,alternating,less,0.0,6.0,yes,True
63d87654c14b742db0fba872,coffee,alternating,just_met,0.0,5.0,yes,True
63d87654c14b742db0fba872,groceries,repeating,less,4.0,5.0,yes,True
63d87654c14b742db0fba872,housemates,repeating,equal,1.0,4.0,yes,True
63d87654c14b742db0fba872,meeting prep,repeating,more,3.0,2.0,yes,True
63d87654c14b742db0fba872,restaurant,repeating,equal,0.0,4.0,yes,True
63d87654c14b742db0fba872,concerts,alternating,more,1.0,4.0,yes,True
63d87654c14b742db0fba872,feedback,alternating,less,1.0,3.0,yes,True
63d87654c14b742db0fba872,gifts,repeating,more,0.0,5.0,yes,True
63d87654c14b742db0fba872,architects,alternating,equal,0.0,4.0,yes,True
63d87654c14b742db0fba872,weekend,repeating,just_met,1.0,4.0,yes,True
63d87654c14b742db0fba872,scheduling,alternating,more,0.0,5.0,yes,True
63d87654c14b742db0fba872,police,repeating,just_met,0.0,5.0,yes,True
63d87654c14b742db0fba872,group project,alternating,just_met,3.0,3.0,yes,True
63d87654c14b742db0fba872,fundraising,alternating,less,1.0,4.0,yes,True
63d87654c14b742db0fba872,babysitting,alternating,equal,0.0,6.0,yes,True
63d87654c14b742db0fba872,family meals,repeating,less,0.0,6.0,yes,True
63e5afe232a49ecaa3272df9,restaurant,repeating,more,0.0,5.0,yes,True
63e5afe232a49ecaa3272df9,coffee,alternating,less,0.0,5.0,yes,True
63e5afe232a49ecaa3272df9,architects,alternating,more,0.0,4.0,yes,True
63e5afe232a49ecaa3272df9,housemates,repeating,more,0.0,6.0,yes,True
63e5afe232a49ecaa3272df9,weekend,repeating,less,0.0,6.0,yes,True
63e5afe232a49ecaa3272df9,scheduling,repeating,just_met,0.0,6.0,yes,True
63e5afe232a49ecaa3272df9,family meals,repeating,equal,0.0,6.0,yes,True
63e5afe232a49ecaa3272df9,babysitting,alternating,more,0.0,4.0,yes,True
63e5afe232a49ecaa3272df9,groceries,repeating,equal,0.0,6.0,yes,True
63e5afe232a49ecaa3272df9,police,repeating,less,0.0,6.0,yes,True
63e5afe232a49ecaa3272df9,feedback,alternating,equal,2.0,4.0,yes,True
63e5afe232a49ecaa3272df9,group project,alternating,less,0.0,5.0,yes,True
63e5afe232a49ecaa3272df9,concerts,repeating,just_met,0.0,6.0,yes,True
63e5afe232a49ecaa3272df9,fundraising,alternating,equal,0.0,5.0,yes,True
63e5afe232a49ecaa3272df9,gifts,alternating,just_met,0.0,6.0,yes,True
63e5afe232a49ecaa3272df9,meeting prep,alternating,just_met,0.0,5.0,yes,True
63ea829db0ab927a007cacec,architects,repeating,more,1.0,4.0,yes,True
63ea829db0ab927a007cacec,babysitting,repeating,more,0.0,5.0,yes,True
63ea829db0ab927a007cacec,housemates,alternating,more,0.0,5.0,yes,True
63ea829db0ab927a007cacec,group project,repeating,less,1.0,1.0,yes,True
63ea829db0ab927a007cacec,family meals,alternating,equal,0.0,6.0,yes,True
63ea829db0ab927a007cacec,feedback,repeating,equal,0.0,4.0,yes,True
63ea829db0ab927a007cacec,weekend,alternating,less,0.0,5.0,yes,True
63ea829db0ab927a007cacec,scheduling,alternating,just_met,0.0,5.0,yes,True
63ea829db0ab927a007cacec,police,alternating,less,0.0,5.0,yes,True
63ea829db0ab927a007cacec,coffee,repeating,less,0.0,5.0,yes,True
63ea829db0ab927a007cacec,fundraising,repeating,equal,0.0,4.0,yes,True
63ea829db0ab927a007cacec,concerts,alternating,just_met,0.0,5.0,yes,True
63ea829db0ab927a007cacec,gifts,repeating,just_met,1.0,4.0,yes,True
63ea829db0ab927a007cacec,restaurant,alternating,more,0.0,5.0,yes,True
63ea829db0ab927a007cacec,meeting prep,repeating,just_met,0.0,5.0,yes,True
63ea829db0ab927a007cacec,groceries,alternating,equal,0.0,6.0,yes,True
645e3a724c49682e5720d171,feedback,repeating,less,0.0,2.0,yes,True
645e3a724c49682e5720d171,coffee,repeating,more,0.0,2.0,yes,True
645e3a724c49682e5720d171,family meals,repeating,equal,0.0,5.0,yes,True
645e3a724c49682e5720d171,group project,alternating,less,0.0,4.0,yes,True
645e3a724c49682e5720d171,fundraising,repeating,more,0.0,3.0,yes,True
645e3a724c49682e5720d171,babysitting,alternating,more,0.0,5.0,yes,True
645e3a724c49682e5720d171,restaurant,alternating,just_met,0.0,5.0,yes,True
645e3a724c49682e5720d171,gifts,repeating,equal,1.0,2.0,yes,True
645e3a724c49682e5720d171,meeting prep,alternating,just_met,0.0,5.0,yes,True
645e3a724c49682e5720d171,concerts,repeating,just_met,1.0,2.0,yes,True
645e3a724c49682e5720d171,housemates,alternating,less,0.0,5.0,yes,True
645e3a724c49682e5720d171,scheduling,alternating,more,1.0,4.0,yes,True
645e3a724c49682e5720d171,architects,alternating,equal,0.0,5.0,yes,True
645e3a724c49682e5720d171,police,repeating,less,0.0,5.0,yes,True
645e3a724c49682e5720d171,groceries,alternating,equal,0.0,5.0,yes,True
645e3a724c49682e5720d171,weekend,repeating,just_met,0.0,4.0,yes,True
64b48027597a1bb95ac7fba6,weekend,repeating,equal,0.0,5.0,yes,True
64b48027597a1bb95ac7fba6,groceries,repeating,just_met,0.0,3.0,yes,True
64b48027597a1bb95ac7fba6,concerts,repeating,equal,1.0,3.0,yes,True
64b48027597a1bb95ac7fba6,coffee,alternating,less,0.0,4.0,yes,True
64b48027597a1bb95ac7fba6,restaurant,alternating,equal,0.0,6.0,yes,True
64b48027597a1bb95ac7fba6,group project,alternating,more,2.0,3.0,yes,True
64b48027597a1bb95ac7fba6,feedback,repeating,more,0.0,5.0,yes,True
64b48027597a1bb95ac7fba6,fundraising,alternating,less,0.0,4.0,yes,True
64b48027597a1bb95ac7fba6,family meals,alternating,just_met,0.0,6.0,yes,True
64b48027597a1bb95ac7fba6,meeting prep,alternating,equal,0.0,6.0,yes,True
64b48027597a1bb95ac7fba6,architects,repeating,just_met,1.0,3.0,yes,True
64b48027597a1bb95ac7fba6,housemates,alternating,more,0.0,6.0,yes,True
64b48027597a1bb95ac7fba6,scheduling,repeating,less,0.0,5.0,yes,True
64b48027597a1bb95ac7fba6,babysitting,repeating,less,0.0,6.0,yes,True
64b48027597a1bb95ac7fba6,police,repeating,more,0.0,4.0,yes,True
64b48027597a1bb95ac7fba6,gifts,alternating,just_met,0.0,5.0,yes,True
