subject_id,story,altruistic_status,first_meeting,stage,response,response_status,strategy,understood
8b4d3b75b57792a8159b7e8812f8fe2a,family meals,less,alice,first,bob,more,NA,yes
8b4d3b75b57792a8159b7e8812f8fe2a,family meals,less,alice,second,alice,less,alternating,yes
8b4d3b75b57792a8159b7e8812f8fe2a,concerts,equal,bob,first,bob,equal,NA,yes
8b4d3b75b57792a8159b7e8812f8fe2a,concerts,equal,bob,second,bob,equal,repeating,yes
8b4d3b75b57792a8159b7e8812f8fe2a,housemates,equal,alice,first,alice,equal,NA,yes
8b4d3b75b57792a8159b7e8812f8fe2a,housemates,equal,alice,second,alice,equal,repeating,yes
8b4d3b75b57792a8159b7e8812f8fe2a,architects,less,bob,first,alice,more,NA,yes
8b4d3b75b57792a8159b7e8812f8fe2a,architects,less,bob,second,bob,less,alternating,yes
8b4d3b75b57792a8159b7e8812f8fe2a,meeting prep,more,bob,first,alice,less,NA,yes
8b4d3b75b57792a8159b7e8812f8fe2a,meeting prep,more,bob,second,bob,more,alternating,yes
8b4d3b75b57792a8159b7e8812f8fe2a,conversation,equal,bob,first,bob,equal,NA,yes
8b4d3b75b57792a8159b7e8812f8fe2a,conversation,equal,bob,second,bob,equal,repeating,yes
8b4d3b75b57792a8159b7e8812f8fe2a,police,more,bob,first,bob,more,NA,yes
8b4d3b75b57792a8159b7e8812f8fe2a,police,more,bob,second,bob,more,repeating,yes
8b4d3b75b57792a8159b7e8812f8fe2a,babysitting,less,alice,first,alice,less,NA,yes
8b4d3b75b57792a8159b7e8812f8fe2a,babysitting,less,alice,second,alice,less,repeating,yes
8b4d3b75b57792a8159b7e8812f8fe2a,scheduling,equal,alice,first,bob,equal,NA,yes
8b4d3b75b57792a8159b7e8812f8fe2a,scheduling,equal,alice,second,alice,equal,alternating,yes
8b4d3b75b57792a8159b7e8812f8fe2a,weekend,more,alice,first,bob,less,NA,yes
8b4d3b75b57792a8159b7e8812f8fe2a,weekend,more,alice,second,alice,more,alternating,yes
8b4d3b75b57792a8159b7e8812f8fe2a,coffee,less,bob,first,alice,more,NA,yes
8b4d3b75b57792a8159b7e8812f8fe2a,coffee,less,bob,second,bob,less,alternating,yes
8b4d3b75b57792a8159b7e8812f8fe2a,groceries,less,bob,first,bob,less,NA,yes
8b4d3b75b57792a8159b7e8812f8fe2a,groceries,less,bob,second,bob,less,repeating,yes
8b4d3b75b57792a8159b7e8812f8fe2a,feedback,more,alice,first,alice,more,NA,yes
8b4d3b75b57792a8159b7e8812f8fe2a,feedback,more,alice,second,bob,less,alternating,yes
8b4d3b75b57792a8159b7e8812f8fe2a,group project,less,alice,first,bob,more,NA,yes
8b4d3b75b57792a8159b7e8812f8fe2a,group project,less,alice,second,bob,more,repeating,yes
8b4d3b75b57792a8159b7e8812f8fe2a,gifts,more,alice,first,bob,less,NA,yes
8b4d3b75b57792a8159b7e8812f8fe2a,gifts,more,alice,second,bob,less,repeating,yes
8b4d3b75b57792a8159b7e8812f8fe2a,meeting location,equal,alice,first,alice,equal,NA,yes
8b4d3b75b57792a8159b7e8812f8fe2a,meeting location,equal,alice,second,alice,equal,repeating,yes
8b4d3b75b57792a8159b7e8812f8fe2a,fundraising,more,bob,first,alice,less,NA,yes
8b4d3b75b57792a8159b7e8812f8fe2a,fundraising,more,bob,second,alice,less,repeating,yes
8b4d3b75b57792a8159b7e8812f8fe2a,restaurant,equal,bob,first,bob,equal,NA,yes
8b4d3b75b57792a8159b7e8812f8fe2a,restaurant,equal,bob,second,alice,equal,alternating,yes
2d9ab09121aae9901385e47553da7409,babysitting,equal,alice,first,alice,equal,NA,yes
2d9ab09121aae9901385e47553da7409,babysitting,equal,alice,second,bob,equal,alternating,yes
2d9ab09121aae9901385e47553da7409,meeting prep,less,alice,first,alice,less,NA,yes
2d9ab09121aae9901385e47553da7409,meeting prep,less,alice,second,alice,less,repeating,yes
2d9ab09121aae9901385e47553da7409,group project,equal,alice,first,alice,equal,NA,yes
2d9ab09121aae9901385e47553da7409,group project,equal,alice,second,bob,equal,alternating,yes
2d9ab09121aae9901385e47553da7409,restaurant,more,bob,first,alice,less,NA,yes
2d9ab09121aae9901385e47553da7409,restaurant,more,bob,second,alice,less,repeating,yes
2d9ab09121aae9901385e47553da7409,scheduling,more,alice,first,bob,less,NA,yes
2d9ab09121aae9901385e47553da7409,scheduling,more,alice,second,bob,less,repeating,yes
2d9ab09121aae9901385e47553da7409,meeting location,more,alice,first,bob,less,NA,yes
2d9ab09121aae9901385e47553da7409,meeting location,more,alice,second,bob,less,repeating,yes
2d9ab09121aae9901385e47553da7409,weekend,less,bob,first,bob,less,NA,yes
2d9ab09121aae9901385e47553da7409,weekend,less,bob,second,bob,less,repeating,yes
2d9ab09121aae9901385e47553da7409,conversation,more,bob,first,bob,more,NA,yes
2d9ab09121aae9901385e47553da7409,conversation,more,bob,second,alice,less,alternating,yes
2d9ab09121aae9901385e47553da7409,feedback,less,bob,first,bob,less,NA,yes
2d9ab09121aae9901385e47553da7409,feedback,less,bob,second,alice,more,alternating,yes
2d9ab09121aae9901385e47553da7409,fundraising,less,alice,first,alice,less,NA,yes
2d9ab09121aae9901385e47553da7409,fundraising,less,alice,second,alice,less,repeating,yes
2d9ab09121aae9901385e47553da7409,architects,equal,bob,first,alice,equal,NA,yes
2d9ab09121aae9901385e47553da7409,architects,equal,bob,second,alice,equal,repeating,yes
2d9ab09121aae9901385e47553da7409,gifts,less,bob,first,alice,more,NA,yes
2d9ab09121aae9901385e47553da7409,gifts,less,bob,second,alice,more,repeating,yes
2d9ab09121aae9901385e47553da7409,coffee,equal,bob,first,alice,equal,NA,yes
2d9ab09121aae9901385e47553da7409,coffee,equal,bob,second,alice,equal,repeating,yes
2d9ab09121aae9901385e47553da7409,police,less,alice,first,alice,less,NA,yes
2d9ab09121aae9901385e47553da7409,police,less,alice,second,alice,less,repeating,yes
2d9ab09121aae9901385e47553da7409,groceries,equal,bob,first,bob,equal,NA,yes
2d9ab09121aae9901385e47553da7409,groceries,equal,bob,second,alice,equal,alternating,yes
2d9ab09121aae9901385e47553da7409,family meals,equal,alice,first,alice,equal,NA,yes
2d9ab09121aae9901385e47553da7409,family meals,equal,alice,second,bob,equal,alternating,yes
2d9ab09121aae9901385e47553da7409,housemates,more,alice,first,bob,less,NA,yes
2d9ab09121aae9901385e47553da7409,housemates,more,alice,second,bob,less,repeating,yes
2d9ab09121aae9901385e47553da7409,concerts,more,bob,first,bob,more,NA,yes
2d9ab09121aae9901385e47553da7409,concerts,more,bob,second,alice,less,alternating,yes
6472c6d2771b5a3c87d8641cf079fb36,feedback,less,bob,first,bob,less,NA,yes
6472c6d2771b5a3c87d8641cf079fb36,feedback,less,bob,second,alice,more,alternating,yes
6472c6d2771b5a3c87d8641cf079fb36,conversation,more,bob,first,alice,less,NA,yes
6472c6d2771b5a3c87d8641cf079fb36,conversation,more,bob,second,alice,less,repeating,yes
6472c6d2771b5a3c87d8641cf079fb36,fundraising,less,alice,first,alice,less,NA,yes
6472c6d2771b5a3c87d8641cf079fb36,fundraising,less,alice,second,alice,less,repeating,yes
6472c6d2771b5a3c87d8641cf079fb36,concerts,more,bob,first,bob,more,NA,yes
6472c6d2771b5a3c87d8641cf079fb36,concerts,more,bob,second,alice,less,alternating,yes
6472c6d2771b5a3c87d8641cf079fb36,babysitting,equal,alice,first,alice,equal,NA,yes
6472c6d2771b5a3c87d8641cf079fb36,babysitting,equal,alice,second,bob,equal,alternating,yes
6472c6d2771b5a3c87d8641cf079fb36,police,less,alice,first,bob,more,NA,yes
6472c6d2771b5a3c87d8641cf079fb36,police,less,alice,second,alice,less,alternating,yes
6472c6d2771b5a3c87d8641cf079fb36,housemates,more,alice,first,bob,less,NA,yes
6472c6d2771b5a3c87d8641cf079fb36,housemates,more,alice,second,bob,less,repeating,yes
6472c6d2771b5a3c87d8641cf079fb36,weekend,less,bob,first,bob,less,NA,yes
6472c6d2771b5a3c87d8641cf079fb36,weekend,less,bob,second,alice,more,alternating,yes
6472c6d2771b5a3c87d8641cf079fb36,restaurant,more,bob,first,alice,less,NA,yes
6472c6d2771b5a3c87d8641cf079fb36,restaurant,more,bob,second,alice,less,repeating,yes
6472c6d2771b5a3c87d8641cf079fb36,coffee,equal,bob,first,bob,equal,NA,yes
6472c6d2771b5a3c87d8641cf079fb36,coffee,equal,bob,second,alice,equal,alternating,yes
6472c6d2771b5a3c87d8641cf079fb36,architects,equal,bob,first,alice,equal,NA,yes
6472c6d2771b5a3c87d8641cf079fb36,architects,equal,bob,second,alice,equal,repeating,yes
6472c6d2771b5a3c87d8641cf079fb36,meeting prep,less,alice,first,bob,more,NA,yes
6472c6d2771b5a3c87d8641cf079fb36,meeting prep,less,alice,second,bob,more,repeating,yes
6472c6d2771b5a3c87d8641cf079fb36,groceries,equal,bob,first,bob,equal,NA,yes
6472c6d2771b5a3c87d8641cf079fb36,groceries,equal,bob,second,alice,equal,alternating,yes
6472c6d2771b5a3c87d8641cf079fb36,scheduling,more,alice,first,bob,less,NA,yes
6472c6d2771b5a3c87d8641cf079fb36,scheduling,more,alice,second,alice,more,alternating,yes
6472c6d2771b5a3c87d8641cf079fb36,gifts,less,bob,first,alice,more,NA,yes
6472c6d2771b5a3c87d8641cf079fb36,gifts,less,bob,second,bob,less,alternating,yes
6472c6d2771b5a3c87d8641cf079fb36,group project,equal,alice,first,bob,equal,NA,yes
6472c6d2771b5a3c87d8641cf079fb36,group project,equal,alice,second,bob,equal,repeating,yes
6472c6d2771b5a3c87d8641cf079fb36,family meals,equal,alice,first,bob,equal,NA,yes
6472c6d2771b5a3c87d8641cf079fb36,family meals,equal,alice,second,alice,equal,alternating,yes
6472c6d2771b5a3c87d8641cf079fb36,meeting location,more,alice,first,bob,less,NA,yes
6472c6d2771b5a3c87d8641cf079fb36,meeting location,more,alice,second,alice,more,alternating,yes
1d9a159210c5557e39f11c086774ed04,meeting location,equal,bob,first,alice,equal,NA,yes
1d9a159210c5557e39f11c086774ed04,meeting location,equal,bob,second,bob,equal,alternating,yes
1d9a159210c5557e39f11c086774ed04,gifts,more,bob,first,alice,less,NA,yes
1d9a159210c5557e39f11c086774ed04,gifts,more,bob,second,bob,more,alternating,yes
1d9a159210c5557e39f11c086774ed04,groceries,less,bob,first,bob,less,NA,yes
1d9a159210c5557e39f11c086774ed04,groceries,less,bob,second,alice,more,alternating,yes
1d9a159210c5557e39f11c086774ed04,family meals,less,alice,first,alice,less,NA,yes
1d9a159210c5557e39f11c086774ed04,family meals,less,alice,second,alice,less,repeating,yes
1d9a159210c5557e39f11c086774ed04,feedback,equal,alice,first,alice,equal,NA,yes
1d9a159210c5557e39f11c086774ed04,feedback,equal,alice,second,bob,equal,alternating,yes
1d9a159210c5557e39f11c086774ed04,group project,more,bob,first,bob,more,NA,yes
1d9a159210c5557e39f11c086774ed04,group project,more,bob,second,bob,more,repeating,yes
1d9a159210c5557e39f11c086774ed04,architects,more,bob,first,alice,less,NA,yes
1d9a159210c5557e39f11c086774ed04,architects,more,bob,second,bob,more,alternating,yes
1d9a159210c5557e39f11c086774ed04,fundraising,more,alice,first,alice,more,NA,yes
1d9a159210c5557e39f11c086774ed04,fundraising,more,alice,second,alice,more,repeating,yes
1d9a159210c5557e39f11c086774ed04,weekend,less,alice,first,alice,less,NA,yes
1d9a159210c5557e39f11c086774ed04,weekend,less,alice,second,alice,less,repeating,yes
1d9a159210c5557e39f11c086774ed04,conversation,less,bob,first,alice,more,NA,yes
1d9a159210c5557e39f11c086774ed04,conversation,less,bob,second,bob,less,alternating,yes
1d9a159210c5557e39f11c086774ed04,coffee,less,bob,first,bob,less,NA,yes
1d9a159210c5557e39f11c086774ed04,coffee,less,bob,second,alice,more,alternating,yes
1d9a159210c5557e39f11c086774ed04,restaurant,equal,alice,first,bob,equal,NA,yes
1d9a159210c5557e39f11c086774ed04,restaurant,equal,alice,second,alice,equal,alternating,yes
1d9a159210c5557e39f11c086774ed04,concerts,equal,bob,first,bob,equal,NA,yes
1d9a159210c5557e39f11c086774ed04,concerts,equal,bob,second,alice,equal,alternating,yes
1d9a159210c5557e39f11c086774ed04,meeting prep,more,alice,first,bob,less,NA,yes
1d9a159210c5557e39f11c086774ed04,meeting prep,more,alice,second,bob,less,repeating,yes
1d9a159210c5557e39f11c086774ed04,police,equal,bob,first,alice,equal,NA,yes
1d9a159210c5557e39f11c086774ed04,police,equal,bob,second,alice,equal,repeating,yes
1d9a159210c5557e39f11c086774ed04,housemates,equal,alice,first,bob,equal,NA,yes
1d9a159210c5557e39f11c086774ed04,housemates,equal,alice,second,bob,equal,repeating,yes
1d9a159210c5557e39f11c086774ed04,scheduling,less,alice,first,alice,less,NA,yes
1d9a159210c5557e39f11c086774ed04,scheduling,less,alice,second,alice,less,repeating,yes
1d9a159210c5557e39f11c086774ed04,babysitting,more,alice,first,bob,less,NA,yes
1d9a159210c5557e39f11c086774ed04,babysitting,more,alice,second,bob,less,repeating,yes
73fd20114a8c4b966151dd55ae339e79,feedback,equal,alice,first,bob,equal,NA,yes
73fd20114a8c4b966151dd55ae339e79,feedback,equal,alice,second,bob,equal,repeating,yes
73fd20114a8c4b966151dd55ae339e79,police,equal,bob,first,bob,equal,NA,yes
73fd20114a8c4b966151dd55ae339e79,police,equal,bob,second,alice,equal,alternating,yes
73fd20114a8c4b966151dd55ae339e79,fundraising,equal,bob,first,alice,equal,NA,yes
73fd20114a8c4b966151dd55ae339e79,fundraising,equal,bob,second,alice,equal,repeating,yes
73fd20114a8c4b966151dd55ae339e79,architects,more,alice,first,alice,more,NA,yes
73fd20114a8c4b966151dd55ae339e79,architects,more,alice,second,alice,more,repeating,yes
73fd20114a8c4b966151dd55ae339e79,babysitting,more,bob,first,alice,less,NA,yes
73fd20114a8c4b966151dd55ae339e79,babysitting,more,bob,second,alice,less,repeating,yes
73fd20114a8c4b966151dd55ae339e79,coffee,more,alice,first,bob,less,NA,yes
73fd20114a8c4b966151dd55ae339e79,coffee,more,alice,second,alice,more,alternating,yes
73fd20114a8c4b966151dd55ae339e79,restaurant,less,bob,first,bob,less,NA,yes
73fd20114a8c4b966151dd55ae339e79,restaurant,less,bob,second,bob,less,repeating,yes
73fd20114a8c4b966151dd55ae339e79,groceries,more,alice,first,bob,less,NA,yes
73fd20114a8c4b966151dd55ae339e79,groceries,more,alice,second,alice,more,alternating,yes
73fd20114a8c4b966151dd55ae339e79,meeting location,less,alice,first,alice,less,NA,yes
73fd20114a8c4b966151dd55ae339e79,meeting location,less,alice,second,alice,less,repeating,yes
73fd20114a8c4b966151dd55ae339e79,family meals,more,bob,first,bob,more,NA,yes
73fd20114a8c4b966151dd55ae339e79,family meals,more,bob,second,bob,more,repeating,yes
73fd20114a8c4b966151dd55ae339e79,housemates,less,alice,first,bob,more,NA,yes
73fd20114a8c4b966151dd55ae339e79,housemates,less,alice,second,alice,less,alternating,yes
73fd20114a8c4b966151dd55ae339e79,gifts,equal,alice,first,bob,equal,NA,yes
73fd20114a8c4b966151dd55ae339e79,gifts,equal,alice,second,bob,equal,repeating,yes
73fd20114a8c4b966151dd55ae339e79,conversation,less,bob,first,alice,more,NA,yes
73fd20114a8c4b966151dd55ae339e79,conversation,less,bob,second,bob,less,alternating,yes
73fd20114a8c4b966151dd55ae339e79,group project,more,bob,first,bob,more,NA,yes
73fd20114a8c4b966151dd55ae339e79,group project,more,bob,second,bob,more,repeating,yes
73fd20114a8c4b966151dd55ae339e79,concerts,less,bob,first,alice,more,NA,yes
73fd20114a8c4b966151dd55ae339e79,concerts,less,bob,second,bob,less,alternating,yes
73fd20114a8c4b966151dd55ae339e79,scheduling,less,alice,first,alice,less,NA,yes
73fd20114a8c4b966151dd55ae339e79,scheduling,less,alice,second,alice,less,repeating,yes
73fd20114a8c4b966151dd55ae339e79,weekend,equal,alice,first,bob,equal,NA,yes
73fd20114a8c4b966151dd55ae339e79,weekend,equal,alice,second,bob,equal,repeating,yes
73fd20114a8c4b966151dd55ae339e79,meeting prep,equal,bob,first,alice,equal,NA,yes
73fd20114a8c4b966151dd55ae339e79,meeting prep,equal,bob,second,bob,equal,alternating,yes
51532fa4519aae70427dfd7eb1587da6,meeting prep,more,alice,first,alice,more,NA,yes
51532fa4519aae70427dfd7eb1587da6,meeting prep,more,alice,second,bob,less,alternating,yes
51532fa4519aae70427dfd7eb1587da6,housemates,equal,bob,first,alice,equal,NA,yes
51532fa4519aae70427dfd7eb1587da6,housemates,equal,bob,second,alice,equal,repeating,yes
51532fa4519aae70427dfd7eb1587da6,groceries,less,alice,first,alice,less,NA,yes
51532fa4519aae70427dfd7eb1587da6,groceries,less,alice,second,alice,less,repeating,yes
51532fa4519aae70427dfd7eb1587da6,weekend,more,bob,first,alice,less,NA,yes
51532fa4519aae70427dfd7eb1587da6,weekend,more,bob,second,bob,more,alternating,yes
51532fa4519aae70427dfd7eb1587da6,architects,less,alice,first,bob,more,NA,yes
51532fa4519aae70427dfd7eb1587da6,architects,less,alice,second,alice,less,alternating,yes
51532fa4519aae70427dfd7eb1587da6,babysitting,less,bob,first,bob,less,NA,yes
51532fa4519aae70427dfd7eb1587da6,babysitting,less,bob,second,alice,more,alternating,yes
51532fa4519aae70427dfd7eb1587da6,restaurant,equal,alice,first,alice,equal,NA,yes
51532fa4519aae70427dfd7eb1587da6,restaurant,equal,alice,second,bob,equal,alternating,yes
51532fa4519aae70427dfd7eb1587da6,scheduling,equal,bob,first,bob,equal,NA,yes
51532fa4519aae70427dfd7eb1587da6,scheduling,equal,bob,second,alice,equal,alternating,yes
51532fa4519aae70427dfd7eb1587da6,police,more,alice,first,alice,more,NA,yes
51532fa4519aae70427dfd7eb1587da6,police,more,alice,second,alice,more,repeating,yes
51532fa4519aae70427dfd7eb1587da6,feedback,more,bob,first,alice,less,NA,yes
51532fa4519aae70427dfd7eb1587da6,feedback,more,bob,second,alice,less,repeating,yes
51532fa4519aae70427dfd7eb1587da6,conversation,equal,alice,first,alice,equal,NA,yes
51532fa4519aae70427dfd7eb1587da6,conversation,equal,alice,second,bob,equal,alternating,yes
51532fa4519aae70427dfd7eb1587da6,coffee,less,alice,first,bob,more,NA,yes
51532fa4519aae70427dfd7eb1587da6,coffee,less,alice,second,alice,less,alternating,yes
51532fa4519aae70427dfd7eb1587da6,family meals,less,bob,first,alice,more,NA,yes
51532fa4519aae70427dfd7eb1587da6,family meals,less,bob,second,bob,less,alternating,yes
51532fa4519aae70427dfd7eb1587da6,concerts,equal,alice,first,alice,equal,NA,yes
51532fa4519aae70427dfd7eb1587da6,concerts,equal,alice,second,bob,equal,alternating,yes
51532fa4519aae70427dfd7eb1587da6,fundraising,more,alice,first,alice,more,NA,yes
51532fa4519aae70427dfd7eb1587da6,fundraising,more,alice,second,alice,more,repeating,yes
51532fa4519aae70427dfd7eb1587da6,group project,less,bob,first,alice,more,NA,yes
51532fa4519aae70427dfd7eb1587da6,group project,less,bob,second,alice,more,repeating,yes
51532fa4519aae70427dfd7eb1587da6,meeting location,equal,bob,first,alice,equal,NA,yes
51532fa4519aae70427dfd7eb1587da6,meeting location,equal,bob,second,alice,equal,repeating,yes
51532fa4519aae70427dfd7eb1587da6,gifts,more,bob,first,bob,more,NA,yes
51532fa4519aae70427dfd7eb1587da6,gifts,more,bob,second,alice,less,alternating,yes
fc54b1d937c09124366b1e46529945b7,gifts,more,alice,first,alice,more,NA,yes
fc54b1d937c09124366b1e46529945b7,gifts,more,alice,second,bob,less,alternating,yes
fc54b1d937c09124366b1e46529945b7,coffee,less,alice,first,bob,more,NA,yes
fc54b1d937c09124366b1e46529945b7,coffee,less,alice,second,alice,less,alternating,yes
fc54b1d937c09124366b1e46529945b7,meeting prep,more,bob,first,alice,less,NA,yes
fc54b1d937c09124366b1e46529945b7,meeting prep,more,bob,second,bob,more,alternating,yes
fc54b1d937c09124366b1e46529945b7,restaurant,equal,bob,first,alice,equal,NA,yes
fc54b1d937c09124366b1e46529945b7,restaurant,equal,bob,second,alice,equal,repeating,yes
fc54b1d937c09124366b1e46529945b7,group project,more,alice,first,alice,more,NA,yes
fc54b1d937c09124366b1e46529945b7,group project,more,alice,second,alice,more,repeating,yes
fc54b1d937c09124366b1e46529945b7,meeting location,equal,alice,first,alice,equal,NA,yes
fc54b1d937c09124366b1e46529945b7,meeting location,equal,alice,second,bob,equal,alternating,yes
fc54b1d937c09124366b1e46529945b7,conversation,less,alice,first,bob,more,NA,yes
fc54b1d937c09124366b1e46529945b7,conversation,less,alice,second,bob,more,repeating,yes
fc54b1d937c09124366b1e46529945b7,groceries,less,alice,first,bob,more,NA,yes
fc54b1d937c09124366b1e46529945b7,groceries,less,alice,second,alice,less,alternating,yes
fc54b1d937c09124366b1e46529945b7,architects,more,alice,first,alice,more,NA,yes
fc54b1d937c09124366b1e46529945b7,architects,more,alice,second,alice,more,repeating,yes
fc54b1d937c09124366b1e46529945b7,fundraising,more,bob,first,alice,less,NA,yes
fc54b1d937c09124366b1e46529945b7,fundraising,more,bob,second,alice,less,repeating,yes
fc54b1d937c09124366b1e46529945b7,feedback,equal,bob,first,alice,equal,NA,yes
fc54b1d937c09124366b1e46529945b7,feedback,equal,bob,second,alice,equal,repeating,yes
fc54b1d937c09124366b1e46529945b7,police,equal,alice,first,alice,equal,NA,yes
fc54b1d937c09124366b1e46529945b7,police,equal,alice,second,bob,equal,alternating,yes
fc54b1d937c09124366b1e46529945b7,scheduling,less,bob,first,bob,less,NA,yes
fc54b1d937c09124366b1e46529945b7,scheduling,less,bob,second,bob,less,repeating,yes
fc54b1d937c09124366b1e46529945b7,weekend,less,bob,first,bob,less,NA,yes
fc54b1d937c09124366b1e46529945b7,weekend,less,bob,second,alice,more,alternating,yes
fc54b1d937c09124366b1e46529945b7,family meals,less,bob,first,bob,less,NA,yes
fc54b1d937c09124366b1e46529945b7,family meals,less,bob,second,alice,more,alternating,yes
fc54b1d937c09124366b1e46529945b7,housemates,equal,bob,first,alice,equal,NA,yes
fc54b1d937c09124366b1e46529945b7,housemates,equal,bob,second,alice,equal,repeating,yes
fc54b1d937c09124366b1e46529945b7,concerts,equal,alice,first,alice,equal,NA,yes
fc54b1d937c09124366b1e46529945b7,concerts,equal,alice,second,bob,equal,alternating,yes
fc54b1d937c09124366b1e46529945b7,babysitting,more,bob,first,alice,less,NA,yes
fc54b1d937c09124366b1e46529945b7,babysitting,more,bob,second,alice,less,repeating,yes
cc0f4448fd2386af4c99b2685de55074,police,equal,alice,first,alice,equal,NA,yes
cc0f4448fd2386af4c99b2685de55074,police,equal,alice,second,bob,equal,alternating,yes
cc0f4448fd2386af4c99b2685de55074,architects,more,bob,first,bob,more,NA,yes
cc0f4448fd2386af4c99b2685de55074,architects,more,bob,second,bob,more,repeating,yes
cc0f4448fd2386af4c99b2685de55074,fundraising,equal,alice,first,alice,equal,NA,yes
cc0f4448fd2386af4c99b2685de55074,fundraising,equal,alice,second,alice,equal,repeating,yes
cc0f4448fd2386af4c99b2685de55074,conversation,less,alice,first,bob,more,NA,yes
cc0f4448fd2386af4c99b2685de55074,conversation,less,alice,second,alice,less,alternating,yes
cc0f4448fd2386af4c99b2685de55074,weekend,equal,bob,first,bob,equal,NA,yes
cc0f4448fd2386af4c99b2685de55074,weekend,equal,bob,second,bob,equal,repeating,yes
cc0f4448fd2386af4c99b2685de55074,concerts,less,alice,first,bob,more,NA,yes
cc0f4448fd2386af4c99b2685de55074,concerts,less,alice,second,bob,more,repeating,yes
cc0f4448fd2386af4c99b2685de55074,gifts,equal,bob,first,alice,equal,NA,yes
cc0f4448fd2386af4c99b2685de55074,gifts,equal,bob,second,alice,equal,repeating,yes
cc0f4448fd2386af4c99b2685de55074,restaurant,less,alice,first,alice,less,NA,yes
cc0f4448fd2386af4c99b2685de55074,restaurant,less,alice,second,bob,more,alternating,yes
cc0f4448fd2386af4c99b2685de55074,group project,more,alice,first,alice,more,NA,yes
cc0f4448fd2386af4c99b2685de55074,group project,more,alice,second,alice,more,repeating,yes
cc0f4448fd2386af4c99b2685de55074,groceries,more,bob,first,alice,less,NA,yes
cc0f4448fd2386af4c99b2685de55074,groceries,more,bob,second,alice,less,repeating,yes
cc0f4448fd2386af4c99b2685de55074,meeting prep,equal,alice,first,alice,equal,NA,yes
cc0f4448fd2386af4c99b2685de55074,meeting prep,equal,alice,second,bob,equal,alternating,yes
cc0f4448fd2386af4c99b2685de55074,coffee,more,bob,first,bob,more,NA,yes
cc0f4448fd2386af4c99b2685de55074,coffee,more,bob,second,bob,more,repeating,yes
cc0f4448fd2386af4c99b2685de55074,family meals,more,alice,first,alice,more,NA,yes
cc0f4448fd2386af4c99b2685de55074,family meals,more,alice,second,alice,more,repeating,yes
cc0f4448fd2386af4c99b2685de55074,babysitting,more,alice,first,bob,less,NA,yes
cc0f4448fd2386af4c99b2685de55074,babysitting,more,alice,second,bob,less,repeating,yes
cc0f4448fd2386af4c99b2685de55074,housemates,less,bob,first,bob,less,NA,yes
cc0f4448fd2386af4c99b2685de55074,housemates,less,bob,second,bob,less,repeating,yes
cc0f4448fd2386af4c99b2685de55074,meeting location,less,bob,first,bob,less,NA,yes
cc0f4448fd2386af4c99b2685de55074,meeting location,less,bob,second,bob,less,repeating,yes
cc0f4448fd2386af4c99b2685de55074,feedback,equal,bob,first,alice,equal,NA,yes
cc0f4448fd2386af4c99b2685de55074,feedback,equal,bob,second,alice,equal,repeating,yes
cc0f4448fd2386af4c99b2685de55074,scheduling,less,bob,first,bob,less,NA,yes
cc0f4448fd2386af4c99b2685de55074,scheduling,less,bob,second,bob,less,repeating,yes
89504b39eec94a7ae1180c06a281115c,group project,more,bob,first,bob,more,NA,yes
89504b39eec94a7ae1180c06a281115c,group project,more,bob,second,bob,more,repeating,yes
89504b39eec94a7ae1180c06a281115c,police,equal,bob,first,alice,equal,NA,yes
89504b39eec94a7ae1180c06a281115c,police,equal,bob,second,alice,equal,repeating,yes
89504b39eec94a7ae1180c06a281115c,gifts,equal,alice,first,alice,equal,NA,yes
89504b39eec94a7ae1180c06a281115c,gifts,equal,alice,second,bob,equal,alternating,yes
89504b39eec94a7ae1180c06a281115c,coffee,more,alice,first,alice,more,NA,yes
89504b39eec94a7ae1180c06a281115c,coffee,more,alice,second,alice,more,repeating,yes
89504b39eec94a7ae1180c06a281115c,architects,more,alice,first,alice,more,NA,yes
89504b39eec94a7ae1180c06a281115c,architects,more,alice,second,bob,less,alternating,yes
89504b39eec94a7ae1180c06a281115c,meeting prep,equal,bob,first,bob,equal,NA,yes
89504b39eec94a7ae1180c06a281115c,meeting prep,equal,bob,second,bob,equal,repeating,yes
89504b39eec94a7ae1180c06a281115c,housemates,less,alice,first,bob,more,NA,yes
89504b39eec94a7ae1180c06a281115c,housemates,less,alice,second,alice,less,alternating,yes
89504b39eec94a7ae1180c06a281115c,family meals,more,bob,first,bob,more,NA,yes
89504b39eec94a7ae1180c06a281115c,family meals,more,bob,second,bob,more,repeating,yes
89504b39eec94a7ae1180c06a281115c,weekend,equal,alice,first,alice,equal,NA,yes
89504b39eec94a7ae1180c06a281115c,weekend,equal,alice,second,bob,equal,alternating,yes
89504b39eec94a7ae1180c06a281115c,meeting location,less,alice,first,alice,less,NA,yes
89504b39eec94a7ae1180c06a281115c,meeting location,less,alice,second,alice,less,repeating,yes
89504b39eec94a7ae1180c06a281115c,restaurant,less,bob,first,bob,less,NA,yes
89504b39eec94a7ae1180c06a281115c,restaurant,less,bob,second,alice,more,alternating,yes
89504b39eec94a7ae1180c06a281115c,groceries,more,alice,first,bob,less,NA,yes
89504b39eec94a7ae1180c06a281115c,groceries,more,alice,second,bob,less,repeating,yes
89504b39eec94a7ae1180c06a281115c,conversation,less,bob,first,alice,more,NA,yes
89504b39eec94a7ae1180c06a281115c,conversation,less,bob,second,bob,less,alternating,yes
89504b39eec94a7ae1180c06a281115c,babysitting,more,bob,first,alice,less,NA,yes
89504b39eec94a7ae1180c06a281115c,babysitting,more,bob,second,bob,more,alternating,yes
89504b39eec94a7ae1180c06a281115c,fundraising,equal,bob,first,alice,equal,NA,yes
89504b39eec94a7ae1180c06a281115c,fundraising,equal,bob,second,alice,equal,repeating,yes
89504b39eec94a7ae1180c06a281115c,feedback,equal,alice,first,alice,equal,NA,yes
89504b39eec94a7ae1180c06a281115c,feedback,equal,alice,second,bob,equal,alternating,yes
89504b39eec94a7ae1180c06a281115c,concerts,less,bob,first,alice,more,NA,yes
89504b39eec94a7ae1180c06a281115c,concerts,less,bob,second,alice,more,repeating,yes
89504b39eec94a7ae1180c06a281115c,scheduling,less,alice,first,alice,less,NA,yes
89504b39eec94a7ae1180c06a281115c,scheduling,less,alice,second,alice,less,repeating,yes
d9020c5d5812030038a6f308412257c9,family meals,more,bob,first,alice,less,NA,yes
d9020c5d5812030038a6f308412257c9,family meals,more,bob,second,bob,more,alternating,yes
d9020c5d5812030038a6f308412257c9,coffee,more,alice,first,alice,more,NA,yes
d9020c5d5812030038a6f308412257c9,coffee,more,alice,second,bob,less,alternating,yes
d9020c5d5812030038a6f308412257c9,weekend,equal,alice,first,alice,equal,NA,yes
d9020c5d5812030038a6f308412257c9,weekend,equal,alice,second,alice,equal,repeating,yes
d9020c5d5812030038a6f308412257c9,babysitting,more,bob,first,alice,less,NA,yes
d9020c5d5812030038a6f308412257c9,babysitting,more,bob,second,alice,less,repeating,yes
d9020c5d5812030038a6f308412257c9,groceries,more,alice,first,alice,more,NA,yes
d9020c5d5812030038a6f308412257c9,groceries,more,alice,second,bob,less,alternating,yes
d9020c5d5812030038a6f308412257c9,restaurant,less,bob,first,bob,less,NA,yes
d9020c5d5812030038a6f308412257c9,restaurant,less,bob,second,alice,more,alternating,yes
d9020c5d5812030038a6f308412257c9,conversation,less,bob,first,alice,more,NA,yes
d9020c5d5812030038a6f308412257c9,conversation,less,bob,second,bob,less,alternating,yes
d9020c5d5812030038a6f308412257c9,fundraising,equal,bob,first,alice,equal,NA,yes
d9020c5d5812030038a6f308412257c9,fundraising,equal,bob,second,alice,equal,repeating,yes
d9020c5d5812030038a6f308412257c9,group project,more,bob,first,bob,more,NA,yes
d9020c5d5812030038a6f308412257c9,group project,more,bob,second,bob,more,repeating,yes
d9020c5d5812030038a6f308412257c9,housemates,less,alice,first,alice,less,NA,yes
d9020c5d5812030038a6f308412257c9,housemates,less,alice,second,alice,less,repeating,yes
d9020c5d5812030038a6f308412257c9,gifts,equal,alice,first,alice,equal,NA,yes
d9020c5d5812030038a6f308412257c9,gifts,equal,alice,second,bob,equal,alternating,yes
d9020c5d5812030038a6f308412257c9,meeting location,less,alice,first,alice,less,NA,yes
d9020c5d5812030038a6f308412257c9,meeting location,less,alice,second,alice,less,repeating,yes
d9020c5d5812030038a6f308412257c9,architects,more,alice,first,alice,more,NA,yes
d9020c5d5812030038a6f308412257c9,architects,more,alice,second,alice,more,repeating,yes
d9020c5d5812030038a6f308412257c9,feedback,equal,alice,first,bob,equal,NA,yes
d9020c5d5812030038a6f308412257c9,feedback,equal,alice,second,bob,equal,repeating,yes
d9020c5d5812030038a6f308412257c9,police,equal,bob,first,bob,equal,NA,yes
d9020c5d5812030038a6f308412257c9,police,equal,bob,second,alice,equal,alternating,yes
d9020c5d5812030038a6f308412257c9,meeting prep,equal,bob,first,bob,equal,NA,yes
d9020c5d5812030038a6f308412257c9,meeting prep,equal,bob,second,bob,equal,repeating,yes
d9020c5d5812030038a6f308412257c9,concerts,less,bob,first,alice,more,NA,yes
d9020c5d5812030038a6f308412257c9,concerts,less,bob,second,bob,less,alternating,yes
d9020c5d5812030038a6f308412257c9,scheduling,less,alice,first,alice,less,NA,yes
d9020c5d5812030038a6f308412257c9,scheduling,less,alice,second,alice,less,repeating,yes
6b32911b94914f9a5e6e29880dc863fe,meeting location,equal,alice,first,alice,equal,NA,yes
6b32911b94914f9a5e6e29880dc863fe,meeting location,equal,alice,second,bob,equal,alternating,yes
6b32911b94914f9a5e6e29880dc863fe,police,more,bob,first,alice,less,NA,yes
6b32911b94914f9a5e6e29880dc863fe,police,more,bob,second,bob,more,alternating,yes
6b32911b94914f9a5e6e29880dc863fe,groceries,less,bob,first,alice,more,NA,yes
6b32911b94914f9a5e6e29880dc863fe,groceries,less,bob,second,bob,less,alternating,yes
6b32911b94914f9a5e6e29880dc863fe,meeting prep,more,bob,first,bob,more,NA,yes
6b32911b94914f9a5e6e29880dc863fe,meeting prep,more,bob,second,bob,more,repeating,yes
6b32911b94914f9a5e6e29880dc863fe,weekend,more,alice,first,bob,less,NA,yes
6b32911b94914f9a5e6e29880dc863fe,weekend,more,alice,second,bob,less,repeating,yes
6b32911b94914f9a5e6e29880dc863fe,concerts,equal,bob,first,alice,equal,NA,yes
6b32911b94914f9a5e6e29880dc863fe,concerts,equal,bob,second,alice,equal,repeating,yes
6b32911b94914f9a5e6e29880dc863fe,conversation,equal,bob,first,alice,equal,NA,yes
6b32911b94914f9a5e6e29880dc863fe,conversation,equal,bob,second,alice,equal,repeating,yes
6b32911b94914f9a5e6e29880dc863fe,architects,less,bob,first,alice,more,NA,yes
6b32911b94914f9a5e6e29880dc863fe,architects,less,bob,second,bob,less,alternating,yes
6b32911b94914f9a5e6e29880dc863fe,fundraising,more,bob,first,alice,less,NA,yes
6b32911b94914f9a5e6e29880dc863fe,fundraising,more,bob,second,alice,less,repeating,yes
6b32911b94914f9a5e6e29880dc863fe,housemates,equal,alice,first,alice,equal,NA,yes
6b32911b94914f9a5e6e29880dc863fe,housemates,equal,alice,second,bob,equal,alternating,yes
6b32911b94914f9a5e6e29880dc863fe,scheduling,equal,alice,first,alice,equal,NA,yes
6b32911b94914f9a5e6e29880dc863fe,scheduling,equal,alice,second,bob,equal,alternating,yes
6b32911b94914f9a5e6e29880dc863fe,gifts,more,alice,first,alice,more,NA,yes
6b32911b94914f9a5e6e29880dc863fe,gifts,more,alice,second,alice,more,repeating,yes
6b32911b94914f9a5e6e29880dc863fe,family meals,less,alice,first,bob,more,NA,yes
6b32911b94914f9a5e6e29880dc863fe,family meals,less,alice,second,bob,more,repeating,yes
6b32911b94914f9a5e6e29880dc863fe,group project,less,alice,first,bob,more,NA,yes
6b32911b94914f9a5e6e29880dc863fe,group project,less,alice,second,alice,less,alternating,yes
6b32911b94914f9a5e6e29880dc863fe,babysitting,less,alice,first,alice,less,NA,yes
6b32911b94914f9a5e6e29880dc863fe,babysitting,less,alice,second,alice,less,repeating,yes
6b32911b94914f9a5e6e29880dc863fe,restaurant,equal,bob,first,alice,equal,NA,yes
6b32911b94914f9a5e6e29880dc863fe,restaurant,equal,bob,second,alice,equal,repeating,yes
6b32911b94914f9a5e6e29880dc863fe,coffee,less,bob,first,bob,less,NA,yes
6b32911b94914f9a5e6e29880dc863fe,coffee,less,bob,second,bob,less,repeating,yes
6b32911b94914f9a5e6e29880dc863fe,feedback,more,alice,first,alice,more,NA,yes
6b32911b94914f9a5e6e29880dc863fe,feedback,more,alice,second,alice,more,repeating,yes
a696a704e66299e2941ce3e66e962537,group project,less,bob,first,alice,more,NA,yes
a696a704e66299e2941ce3e66e962537,group project,less,bob,second,alice,more,repeating,yes
a696a704e66299e2941ce3e66e962537,housemates,equal,bob,first,alice,equal,NA,yes
a696a704e66299e2941ce3e66e962537,housemates,equal,bob,second,alice,equal,repeating,yes
a696a704e66299e2941ce3e66e962537,meeting prep,more,alice,first,alice,more,NA,yes
a696a704e66299e2941ce3e66e962537,meeting prep,more,alice,second,alice,more,repeating,yes
a696a704e66299e2941ce3e66e962537,restaurant,equal,alice,first,alice,equal,NA,yes
a696a704e66299e2941ce3e66e962537,restaurant,equal,alice,second,bob,equal,alternating,yes
a696a704e66299e2941ce3e66e962537,groceries,less,alice,first,alice,less,NA,yes
a696a704e66299e2941ce3e66e962537,groceries,less,alice,second,alice,less,repeating,yes
a696a704e66299e2941ce3e66e962537,concerts,equal,alice,first,alice,equal,NA,yes
a696a704e66299e2941ce3e66e962537,concerts,equal,alice,second,bob,equal,alternating,yes
a696a704e66299e2941ce3e66e962537,scheduling,equal,bob,first,bob,equal,NA,yes
a696a704e66299e2941ce3e66e962537,scheduling,equal,bob,second,alice,equal,alternating,yes
a696a704e66299e2941ce3e66e962537,conversation,equal,alice,first,alice,equal,NA,yes
a696a704e66299e2941ce3e66e962537,conversation,equal,alice,second,alice,equal,repeating,yes
a696a704e66299e2941ce3e66e962537,feedback,more,bob,first,bob,more,NA,yes
a696a704e66299e2941ce3e66e962537,feedback,more,bob,second,bob,more,repeating,yes
a696a704e66299e2941ce3e66e962537,meeting location,equal,bob,first,alice,equal,NA,yes
a696a704e66299e2941ce3e66e962537,meeting location,equal,bob,second,alice,equal,repeating,yes
a696a704e66299e2941ce3e66e962537,coffee,less,alice,first,alice,less,NA,yes
a696a704e66299e2941ce3e66e962537,coffee,less,alice,second,alice,less,repeating,yes
a696a704e66299e2941ce3e66e962537,gifts,more,bob,first,bob,more,NA,yes
a696a704e66299e2941ce3e66e962537,gifts,more,bob,second,bob,more,repeating,yes
a696a704e66299e2941ce3e66e962537,weekend,more,bob,first,bob,more,NA,yes
a696a704e66299e2941ce3e66e962537,weekend,more,bob,second,bob,more,repeating,yes
a696a704e66299e2941ce3e66e962537,architects,less,alice,first,alice,less,NA,yes
a696a704e66299e2941ce3e66e962537,architects,less,alice,second,alice,less,repeating,yes
a696a704e66299e2941ce3e66e962537,police,more,alice,first,alice,more,NA,yes
a696a704e66299e2941ce3e66e962537,police,more,alice,second,alice,more,repeating,yes
a696a704e66299e2941ce3e66e962537,babysitting,less,bob,first,bob,less,NA,yes
a696a704e66299e2941ce3e66e962537,babysitting,less,bob,second,alice,more,alternating,yes
a696a704e66299e2941ce3e66e962537,fundraising,more,alice,first,alice,more,NA,yes
a696a704e66299e2941ce3e66e962537,fundraising,more,alice,second,alice,more,repeating,yes
a696a704e66299e2941ce3e66e962537,family meals,less,bob,first,alice,more,NA,yes
a696a704e66299e2941ce3e66e962537,family meals,less,bob,second,bob,less,alternating,yes
68dc7f8bccd575731bd45952e55dcf14,gifts,equal,bob,first,alice,equal,NA,yes
68dc7f8bccd575731bd45952e55dcf14,gifts,equal,bob,second,alice,equal,repeating,yes
68dc7f8bccd575731bd45952e55dcf14,scheduling,less,bob,first,alice,more,NA,yes
68dc7f8bccd575731bd45952e55dcf14,scheduling,less,bob,second,alice,more,repeating,yes
68dc7f8bccd575731bd45952e55dcf14,conversation,less,alice,first,bob,more,NA,yes
68dc7f8bccd575731bd45952e55dcf14,conversation,less,alice,second,alice,less,alternating,yes
68dc7f8bccd575731bd45952e55dcf14,babysitting,more,alice,first,bob,less,NA,yes
68dc7f8bccd575731bd45952e55dcf14,babysitting,more,alice,second,alice,more,alternating,yes
68dc7f8bccd575731bd45952e55dcf14,housemates,less,bob,first,bob,less,NA,yes
68dc7f8bccd575731bd45952e55dcf14,housemates,less,bob,second,bob,less,repeating,yes
68dc7f8bccd575731bd45952e55dcf14,architects,more,bob,first,bob,more,NA,yes
68dc7f8bccd575731bd45952e55dcf14,architects,more,bob,second,bob,more,repeating,yes
68dc7f8bccd575731bd45952e55dcf14,concerts,less,alice,first,bob,more,NA,yes
68dc7f8bccd575731bd45952e55dcf14,concerts,less,alice,second,alice,less,alternating,yes
68dc7f8bccd575731bd45952e55dcf14,feedback,equal,bob,first,bob,equal,NA,yes
68dc7f8bccd575731bd45952e55dcf14,feedback,equal,bob,second,alice,equal,alternating,yes
68dc7f8bccd575731bd45952e55dcf14,coffee,more,bob,first,bob,more,NA,yes
68dc7f8bccd575731bd45952e55dcf14,coffee,more,bob,second,bob,more,repeating,yes
68dc7f8bccd575731bd45952e55dcf14,meeting location,less,bob,first,bob,less,NA,yes
68dc7f8bccd575731bd45952e55dcf14,meeting location,less,bob,second,bob,less,repeating,yes
68dc7f8bccd575731bd45952e55dcf14,groceries,more,bob,first,bob,more,NA,yes
68dc7f8bccd575731bd45952e55dcf14,groceries,more,bob,second,alice,less,alternating,yes
68dc7f8bccd575731bd45952e55dcf14,meeting prep,equal,alice,first,alice,equal,NA,yes
68dc7f8bccd575731bd45952e55dcf14,meeting prep,equal,alice,second,bob,equal,alternating,yes
68dc7f8bccd575731bd45952e55dcf14,fundraising,equal,alice,first,alice,equal,NA,yes
68dc7f8bccd575731bd45952e55dcf14,fundraising,equal,alice,second,alice,equal,repeating,yes
68dc7f8bccd575731bd45952e55dcf14,family meals,more,alice,first,alice,more,NA,yes
68dc7f8bccd575731bd45952e55dcf14,family meals,more,alice,second,bob,less,alternating,yes
68dc7f8bccd575731bd45952e55dcf14,police,equal,alice,first,alice,equal,NA,yes
68dc7f8bccd575731bd45952e55dcf14,police,equal,alice,second,bob,equal,alternating,yes
68dc7f8bccd575731bd45952e55dcf14,group project,more,alice,first,alice,more,NA,yes
68dc7f8bccd575731bd45952e55dcf14,group project,more,alice,second,alice,more,repeating,yes
68dc7f8bccd575731bd45952e55dcf14,restaurant,less,alice,first,bob,more,NA,yes
68dc7f8bccd575731bd45952e55dcf14,restaurant,less,alice,second,bob,more,repeating,yes
68dc7f8bccd575731bd45952e55dcf14,weekend,equal,bob,first,alice,equal,NA,yes
68dc7f8bccd575731bd45952e55dcf14,weekend,equal,bob,second,alice,equal,repeating,yes
bc9e428d68298b52ed5f3e64aebcb5b8,feedback,equal,alice,first,bob,equal,NA,yes
bc9e428d68298b52ed5f3e64aebcb5b8,feedback,equal,alice,second,bob,equal,repeating,yes
bc9e428d68298b52ed5f3e64aebcb5b8,conversation,less,bob,first,alice,more,NA,yes
bc9e428d68298b52ed5f3e64aebcb5b8,conversation,less,bob,second,alice,more,repeating,yes
bc9e428d68298b52ed5f3e64aebcb5b8,coffee,less,bob,first,alice,more,NA,yes
bc9e428d68298b52ed5f3e64aebcb5b8,coffee,less,bob,second,bob,less,alternating,yes
bc9e428d68298b52ed5f3e64aebcb5b8,housemates,equal,alice,first,alice,equal,NA,yes
bc9e428d68298b52ed5f3e64aebcb5b8,housemates,equal,alice,second,bob,equal,alternating,yes
bc9e428d68298b52ed5f3e64aebcb5b8,scheduling,less,alice,first,alice,less,NA,yes
bc9e428d68298b52ed5f3e64aebcb5b8,scheduling,less,alice,second,bob,more,alternating,yes
bc9e428d68298b52ed5f3e64aebcb5b8,meeting prep,more,alice,first,alice,more,NA,yes
bc9e428d68298b52ed5f3e64aebcb5b8,meeting prep,more,alice,second,alice,more,repeating,yes
bc9e428d68298b52ed5f3e64aebcb5b8,family meals,less,alice,first,alice,less,NA,yes
bc9e428d68298b52ed5f3e64aebcb5b8,family meals,less,alice,second,bob,more,alternating,yes
bc9e428d68298b52ed5f3e64aebcb5b8,babysitting,more,alice,first,bob,less,NA,yes
bc9e428d68298b52ed5f3e64aebcb5b8,babysitting,more,alice,second,alice,more,alternating,yes
bc9e428d68298b52ed5f3e64aebcb5b8,gifts,more,bob,first,alice,less,NA,yes
bc9e428d68298b52ed5f3e64aebcb5b8,gifts,more,bob,second,alice,less,repeating,yes
bc9e428d68298b52ed5f3e64aebcb5b8,weekend,less,alice,first,bob,more,NA,yes
bc9e428d68298b52ed5f3e64aebcb5b8,weekend,less,alice,second,bob,more,repeating,yes
bc9e428d68298b52ed5f3e64aebcb5b8,restaurant,equal,alice,first,alice,equal,NA,yes
bc9e428d68298b52ed5f3e64aebcb5b8,restaurant,equal,alice,second,bob,equal,alternating,yes
bc9e428d68298b52ed5f3e64aebcb5b8,fundraising,more,alice,first,alice,more,NA,yes
bc9e428d68298b52ed5f3e64aebcb5b8,fundraising,more,alice,second,alice,more,repeating,yes
bc9e428d68298b52ed5f3e64aebcb5b8,police,equal,bob,first,alice,equal,NA,yes
bc9e428d68298b52ed5f3e64aebcb5b8,police,equal,bob,second,alice,equal,repeating,yes
bc9e428d68298b52ed5f3e64aebcb5b8,group project,more,bob,first,bob,more,NA,yes
bc9e428d68298b52ed5f3e64aebcb5b8,group project,more,bob,second,bob,more,repeating,yes
bc9e428d68298b52ed5f3e64aebcb5b8,concerts,equal,bob,first,alice,equal,NA,yes
bc9e428d68298b52ed5f3e64aebcb5b8,concerts,equal,bob,second,alice,equal,repeating,yes
bc9e428d68298b52ed5f3e64aebcb5b8,architects,more,bob,first,alice,less,NA,yes
bc9e428d68298b52ed5f3e64aebcb5b8,architects,more,bob,second,bob,more,alternating,yes
bc9e428d68298b52ed5f3e64aebcb5b8,meeting location,equal,bob,first,alice,equal,NA,yes
bc9e428d68298b52ed5f3e64aebcb5b8,meeting location,equal,bob,second,alice,equal,repeating,yes
bc9e428d68298b52ed5f3e64aebcb5b8,groceries,less,bob,first,bob,less,NA,yes
bc9e428d68298b52ed5f3e64aebcb5b8,groceries,less,bob,second,alice,more,alternating,yes
f9f257fae23e2826aa0ad033aaef7d44,housemates,less,alice,first,alice,less,NA,yes
f9f257fae23e2826aa0ad033aaef7d44,housemates,less,alice,second,alice,less,repeating,yes
f9f257fae23e2826aa0ad033aaef7d44,coffee,more,alice,first,bob,less,NA,yes
f9f257fae23e2826aa0ad033aaef7d44,coffee,more,alice,second,bob,less,repeating,yes
f9f257fae23e2826aa0ad033aaef7d44,babysitting,equal,alice,first,alice,equal,NA,yes
f9f257fae23e2826aa0ad033aaef7d44,babysitting,equal,alice,second,bob,equal,alternating,yes
f9f257fae23e2826aa0ad033aaef7d44,scheduling,more,bob,first,alice,less,NA,yes
f9f257fae23e2826aa0ad033aaef7d44,scheduling,more,bob,second,alice,less,repeating,yes
f9f257fae23e2826aa0ad033aaef7d44,police,less,bob,first,bob,less,NA,yes
f9f257fae23e2826aa0ad033aaef7d44,police,less,bob,second,bob,less,repeating,yes
f9f257fae23e2826aa0ad033aaef7d44,feedback,less,alice,first,bob,more,NA,yes
f9f257fae23e2826aa0ad033aaef7d44,feedback,less,alice,second,bob,more,repeating,yes
f9f257fae23e2826aa0ad033aaef7d44,architects,equal,bob,first,alice,equal,NA,yes
f9f257fae23e2826aa0ad033aaef7d44,architects,equal,bob,second,alice,equal,repeating,yes
f9f257fae23e2826aa0ad033aaef7d44,meeting location,less,bob,first,bob,less,NA,yes
f9f257fae23e2826aa0ad033aaef7d44,meeting location,less,bob,second,bob,less,repeating,yes
f9f257fae23e2826aa0ad033aaef7d44,concerts,less,bob,first,bob,less,NA,yes
f9f257fae23e2826aa0ad033aaef7d44,concerts,less,bob,second,bob,less,repeating,yes
f9f257fae23e2826aa0ad033aaef7d44,groceries,more,alice,first,bob,less,NA,yes
f9f257fae23e2826aa0ad033aaef7d44,groceries,more,alice,second,bob,less,repeating,yes
f9f257fae23e2826aa0ad033aaef7d44,conversation,more,alice,first,alice,more,NA,yes
f9f257fae23e2826aa0ad033aaef7d44,conversation,more,alice,second,alice,more,repeating,yes
f9f257fae23e2826aa0ad033aaef7d44,family meals,more,bob,first,alice,less,NA,yes
f9f257fae23e2826aa0ad033aaef7d44,family meals,more,bob,second,alice,less,repeating,yes
f9f257fae23e2826aa0ad033aaef7d44,meeting prep,equal,alice,first,alice,equal,NA,yes
f9f257fae23e2826aa0ad033aaef7d44,meeting prep,equal,alice,second,bob,equal,alternating,yes
f9f257fae23e2826aa0ad033aaef7d44,group project,equal,bob,first,alice,equal,NA,yes
f9f257fae23e2826aa0ad033aaef7d44,group project,equal,bob,second,alice,equal,repeating,yes
f9f257fae23e2826aa0ad033aaef7d44,restaurant,less,alice,first,alice,less,NA,yes
f9f257fae23e2826aa0ad033aaef7d44,restaurant,less,alice,second,bob,more,alternating,yes
f9f257fae23e2826aa0ad033aaef7d44,gifts,equal,bob,first,bob,equal,NA,yes
f9f257fae23e2826aa0ad033aaef7d44,gifts,equal,bob,second,alice,equal,alternating,yes
f9f257fae23e2826aa0ad033aaef7d44,fundraising,equal,alice,first,alice,equal,NA,yes
f9f257fae23e2826aa0ad033aaef7d44,fundraising,equal,alice,second,alice,equal,repeating,yes
f9f257fae23e2826aa0ad033aaef7d44,weekend,more,bob,first,alice,less,NA,yes
f9f257fae23e2826aa0ad033aaef7d44,weekend,more,bob,second,alice,less,repeating,yes
cea6d89c1e3c5d3357fa79f74bbdb6d4,housemates,less,alice,first,alice,less,NA,yes
cea6d89c1e3c5d3357fa79f74bbdb6d4,housemates,less,alice,second,alice,less,repeating,yes
cea6d89c1e3c5d3357fa79f74bbdb6d4,scheduling,more,bob,first,alice,less,NA,yes
cea6d89c1e3c5d3357fa79f74bbdb6d4,scheduling,more,bob,second,alice,less,repeating,yes
cea6d89c1e3c5d3357fa79f74bbdb6d4,architects,equal,bob,first,bob,equal,NA,yes
cea6d89c1e3c5d3357fa79f74bbdb6d4,architects,equal,bob,second,alice,equal,alternating,yes
cea6d89c1e3c5d3357fa79f74bbdb6d4,conversation,more,alice,first,alice,more,NA,yes
cea6d89c1e3c5d3357fa79f74bbdb6d4,conversation,more,alice,second,alice,more,repeating,yes
cea6d89c1e3c5d3357fa79f74bbdb6d4,weekend,more,bob,first,alice,less,NA,yes
cea6d89c1e3c5d3357fa79f74bbdb6d4,weekend,more,bob,second,bob,more,alternating,yes
cea6d89c1e3c5d3357fa79f74bbdb6d4,family meals,more,bob,first,bob,more,NA,yes
cea6d89c1e3c5d3357fa79f74bbdb6d4,family meals,more,bob,second,bob,more,repeating,yes
cea6d89c1e3c5d3357fa79f74bbdb6d4,police,less,bob,first,bob,less,NA,yes
cea6d89c1e3c5d3357fa79f74bbdb6d4,police,less,bob,second,bob,less,repeating,yes
cea6d89c1e3c5d3357fa79f74bbdb6d4,groceries,more,alice,first,bob,less,NA,yes
cea6d89c1e3c5d3357fa79f74bbdb6d4,groceries,more,alice,second,alice,more,alternating,yes
cea6d89c1e3c5d3357fa79f74bbdb6d4,gifts,equal,bob,first,bob,equal,NA,yes
cea6d89c1e3c5d3357fa79f74bbdb6d4,gifts,equal,bob,second,alice,equal,alternating,yes
cea6d89c1e3c5d3357fa79f74bbdb6d4,restaurant,less,alice,first,alice,less,NA,yes
cea6d89c1e3c5d3357fa79f74bbdb6d4,restaurant,less,alice,second,alice,less,repeating,yes
cea6d89c1e3c5d3357fa79f74bbdb6d4,group project,equal,bob,first,alice,equal,NA,yes
cea6d89c1e3c5d3357fa79f74bbdb6d4,group project,equal,bob,second,alice,equal,repeating,yes
cea6d89c1e3c5d3357fa79f74bbdb6d4,meeting prep,equal,alice,first,alice,equal,NA,yes
cea6d89c1e3c5d3357fa79f74bbdb6d4,meeting prep,equal,alice,second,bob,equal,alternating,yes
cea6d89c1e3c5d3357fa79f74bbdb6d4,coffee,more,alice,first,alice,more,NA,yes
cea6d89c1e3c5d3357fa79f74bbdb6d4,coffee,more,alice,second,alice,more,repeating,yes
cea6d89c1e3c5d3357fa79f74bbdb6d4,fundraising,equal,alice,first,alice,equal,NA,yes
cea6d89c1e3c5d3357fa79f74bbdb6d4,fundraising,equal,alice,second,alice,equal,repeating,yes
cea6d89c1e3c5d3357fa79f74bbdb6d4,meeting location,less,bob,first,bob,less,NA,yes
cea6d89c1e3c5d3357fa79f74bbdb6d4,meeting location,less,bob,second,bob,less,repeating,yes
cea6d89c1e3c5d3357fa79f74bbdb6d4,babysitting,equal,alice,first,alice,equal,NA,yes
cea6d89c1e3c5d3357fa79f74bbdb6d4,babysitting,equal,alice,second,bob,equal,alternating,yes
cea6d89c1e3c5d3357fa79f74bbdb6d4,concerts,less,bob,first,alice,more,NA,yes
cea6d89c1e3c5d3357fa79f74bbdb6d4,concerts,less,bob,second,alice,more,repeating,yes
cea6d89c1e3c5d3357fa79f74bbdb6d4,feedback,less,alice,first,alice,less,NA,yes
cea6d89c1e3c5d3357fa79f74bbdb6d4,feedback,less,alice,second,alice,less,repeating,yes
bf475e3642199c11509f1a3576e605f1,housemates,less,bob,first,alice,more,NA,yes
bf475e3642199c11509f1a3576e605f1,housemates,less,bob,second,bob,less,alternating,yes
bf475e3642199c11509f1a3576e605f1,fundraising,equal,bob,first,alice,equal,NA,yes
bf475e3642199c11509f1a3576e605f1,fundraising,equal,bob,second,alice,equal,repeating,yes
bf475e3642199c11509f1a3576e605f1,scheduling,more,alice,first,bob,less,NA,yes
bf475e3642199c11509f1a3576e605f1,scheduling,more,alice,second,alice,more,alternating,yes
bf475e3642199c11509f1a3576e605f1,feedback,less,bob,first,bob,less,NA,yes
bf475e3642199c11509f1a3576e605f1,feedback,less,bob,second,bob,less,repeating,yes
bf475e3642199c11509f1a3576e605f1,weekend,more,alice,first,bob,less,NA,yes
bf475e3642199c11509f1a3576e605f1,weekend,more,alice,second,bob,less,repeating,yes
bf475e3642199c11509f1a3576e605f1,meeting prep,equal,bob,first,bob,equal,NA,yes
bf475e3642199c11509f1a3576e605f1,meeting prep,equal,bob,second,bob,equal,repeating,yes
bf475e3642199c11509f1a3576e605f1,concerts,less,alice,first,alice,less,NA,yes
bf475e3642199c11509f1a3576e605f1,concerts,less,alice,second,bob,more,alternating,yes
bf475e3642199c11509f1a3576e605f1,family meals,more,alice,first,alice,more,NA,yes
bf475e3642199c11509f1a3576e605f1,family meals,more,alice,second,alice,more,repeating,yes
bf475e3642199c11509f1a3576e605f1,gifts,equal,alice,first,alice,equal,NA,yes
bf475e3642199c11509f1a3576e605f1,gifts,equal,alice,second,alice,equal,repeating,yes
bf475e3642199c11509f1a3576e605f1,architects,equal,alice,first,bob,equal,NA,yes
bf475e3642199c11509f1a3576e605f1,architects,equal,alice,second,bob,equal,repeating,yes
bf475e3642199c11509f1a3576e605f1,conversation,more,bob,first,alice,less,NA,yes
bf475e3642199c11509f1a3576e605f1,conversation,more,bob,second,bob,more,alternating,yes
bf475e3642199c11509f1a3576e605f1,group project,equal,alice,first,bob,equal,NA,yes
bf475e3642199c11509f1a3576e605f1,group project,equal,alice,second,alice,equal,alternating,yes
bf475e3642199c11509f1a3576e605f1,police,less,alice,first,bob,more,NA,yes
bf475e3642199c11509f1a3576e605f1,police,less,alice,second,alice,less,alternating,yes
bf475e3642199c11509f1a3576e605f1,coffee,more,bob,first,alice,less,NA,yes
bf475e3642199c11509f1a3576e605f1,coffee,more,bob,second,bob,more,alternating,yes
bf475e3642199c11509f1a3576e605f1,babysitting,equal,bob,first,bob,equal,NA,yes
bf475e3642199c11509f1a3576e605f1,babysitting,equal,bob,second,bob,equal,repeating,yes
bf475e3642199c11509f1a3576e605f1,restaurant,less,bob,first,bob,less,NA,yes
bf475e3642199c11509f1a3576e605f1,restaurant,less,bob,second,alice,more,alternating,yes
bf475e3642199c11509f1a3576e605f1,groceries,more,bob,first,alice,less,NA,yes
bf475e3642199c11509f1a3576e605f1,groceries,more,bob,second,bob,more,alternating,yes
bf475e3642199c11509f1a3576e605f1,meeting location,less,alice,first,bob,more,NA,yes
bf475e3642199c11509f1a3576e605f1,meeting location,less,alice,second,alice,less,alternating,yes
1138b7744f921727c6ebcdd2ab827845,conversation,more,alice,first,bob,less,NA,yes
1138b7744f921727c6ebcdd2ab827845,conversation,more,alice,second,bob,less,repeating,yes
1138b7744f921727c6ebcdd2ab827845,weekend,less,alice,first,alice,less,NA,yes
1138b7744f921727c6ebcdd2ab827845,weekend,less,alice,second,alice,less,repeating,yes
1138b7744f921727c6ebcdd2ab827845,groceries,equal,alice,first,alice,equal,NA,yes
1138b7744f921727c6ebcdd2ab827845,groceries,equal,alice,second,bob,equal,alternating,yes
1138b7744f921727c6ebcdd2ab827845,scheduling,more,bob,first,alice,less,NA,yes
1138b7744f921727c6ebcdd2ab827845,scheduling,more,bob,second,bob,more,alternating,yes
1138b7744f921727c6ebcdd2ab827845,meeting location,more,bob,first,alice,less,NA,yes
1138b7744f921727c6ebcdd2ab827845,meeting location,more,bob,second,bob,more,alternating,yes
1138b7744f921727c6ebcdd2ab827845,architects,equal,alice,first,alice,equal,NA,yes
1138b7744f921727c6ebcdd2ab827845,architects,equal,alice,second,alice,equal,repeating,yes
1138b7744f921727c6ebcdd2ab827845,restaurant,more,alice,first,bob,less,NA,yes
1138b7744f921727c6ebcdd2ab827845,restaurant,more,alice,second,bob,less,repeating,yes
1138b7744f921727c6ebcdd2ab827845,housemates,more,bob,first,alice,less,NA,yes
1138b7744f921727c6ebcdd2ab827845,housemates,more,bob,second,bob,more,alternating,yes
1138b7744f921727c6ebcdd2ab827845,family meals,equal,bob,first,alice,equal,NA,yes
1138b7744f921727c6ebcdd2ab827845,family meals,equal,bob,second,bob,equal,alternating,yes
1138b7744f921727c6ebcdd2ab827845,police,less,bob,first,bob,less,NA,yes
1138b7744f921727c6ebcdd2ab827845,police,less,bob,second,bob,less,repeating,yes
1138b7744f921727c6ebcdd2ab827845,coffee,equal,alice,first,bob,equal,NA,yes
1138b7744f921727c6ebcdd2ab827845,coffee,equal,alice,second,bob,equal,repeating,yes
1138b7744f921727c6ebcdd2ab827845,concerts,more,alice,first,alice,more,NA,yes
1138b7744f921727c6ebcdd2ab827845,concerts,more,alice,second,alice,more,repeating,yes
1138b7744f921727c6ebcdd2ab827845,fundraising,less,bob,first,alice,more,NA,yes
1138b7744f921727c6ebcdd2ab827845,fundraising,less,bob,second,alice,more,repeating,yes
1138b7744f921727c6ebcdd2ab827845,group project,equal,bob,first,alice,equal,NA,yes
1138b7744f921727c6ebcdd2ab827845,group project,equal,bob,second,bob,equal,alternating,yes
1138b7744f921727c6ebcdd2ab827845,babysitting,equal,bob,first,bob,equal,NA,yes
1138b7744f921727c6ebcdd2ab827845,babysitting,equal,bob,second,bob,equal,repeating,yes
1138b7744f921727c6ebcdd2ab827845,feedback,less,alice,first,bob,more,NA,yes
1138b7744f921727c6ebcdd2ab827845,feedback,less,alice,second,alice,less,alternating,yes
1138b7744f921727c6ebcdd2ab827845,meeting prep,less,bob,first,bob,less,NA,yes
1138b7744f921727c6ebcdd2ab827845,meeting prep,less,bob,second,bob,less,repeating,yes
1138b7744f921727c6ebcdd2ab827845,gifts,less,alice,first,bob,more,NA,yes
1138b7744f921727c6ebcdd2ab827845,gifts,less,alice,second,bob,more,repeating,yes
4c9d1fa408d25c02684bd4b15793688b,housemates,equal,bob,first,alice,equal,NA,yes
4c9d1fa408d25c02684bd4b15793688b,housemates,equal,bob,second,alice,equal,repeating,yes
4c9d1fa408d25c02684bd4b15793688b,police,equal,alice,first,bob,equal,NA,yes
4c9d1fa408d25c02684bd4b15793688b,police,equal,alice,second,bob,equal,repeating,yes
4c9d1fa408d25c02684bd4b15793688b,meeting location,equal,alice,first,bob,equal,NA,yes
4c9d1fa408d25c02684bd4b15793688b,meeting location,equal,alice,second,bob,equal,repeating,yes
4c9d1fa408d25c02684bd4b15793688b,scheduling,less,bob,first,bob,less,NA,yes
4c9d1fa408d25c02684bd4b15793688b,scheduling,less,bob,second,bob,less,repeating,yes
4c9d1fa408d25c02684bd4b15793688b,coffee,less,alice,first,bob,more,NA,yes
4c9d1fa408d25c02684bd4b15793688b,coffee,less,alice,second,alice,less,alternating,yes
4c9d1fa408d25c02684bd4b15793688b,conversation,less,alice,first,bob,more,NA,yes
4c9d1fa408d25c02684bd4b15793688b,conversation,less,alice,second,alice,less,alternating,yes
4c9d1fa408d25c02684bd4b15793688b,group project,more,alice,first,alice,more,NA,yes
4c9d1fa408d25c02684bd4b15793688b,group project,more,alice,second,alice,more,repeating,yes
4c9d1fa408d25c02684bd4b15793688b,weekend,less,bob,first,bob,less,NA,yes
4c9d1fa408d25c02684bd4b15793688b,weekend,less,bob,second,bob,less,repeating,yes
4c9d1fa408d25c02684bd4b15793688b,groceries,less,alice,first,bob,more,NA,yes
4c9d1fa408d25c02684bd4b15793688b,groceries,less,alice,second,alice,less,alternating,yes
4c9d1fa408d25c02684bd4b15793688b,restaurant,equal,bob,first,bob,equal,NA,yes
4c9d1fa408d25c02684bd4b15793688b,restaurant,equal,bob,second,alice,equal,alternating,yes
4c9d1fa408d25c02684bd4b15793688b,meeting prep,more,bob,first,bob,more,NA,yes
4c9d1fa408d25c02684bd4b15793688b,meeting prep,more,bob,second,bob,more,repeating,yes
4c9d1fa408d25c02684bd4b15793688b,family meals,less,bob,first,alice,more,NA,yes
4c9d1fa408d25c02684bd4b15793688b,family meals,less,bob,second,bob,less,alternating,yes
4c9d1fa408d25c02684bd4b15793688b,architects,more,alice,first,alice,more,NA,yes
4c9d1fa408d25c02684bd4b15793688b,architects,more,alice,second,alice,more,repeating,yes
4c9d1fa408d25c02684bd4b15793688b,feedback,equal,bob,first,bob,equal,NA,yes
4c9d1fa408d25c02684bd4b15793688b,feedback,equal,bob,second,alice,equal,alternating,yes
4c9d1fa408d25c02684bd4b15793688b,gifts,more,alice,first,alice,more,NA,yes
4c9d1fa408d25c02684bd4b15793688b,gifts,more,alice,second,alice,more,repeating,yes
4c9d1fa408d25c02684bd4b15793688b,babysitting,more,bob,first,alice,less,NA,yes
4c9d1fa408d25c02684bd4b15793688b,babysitting,more,bob,second,bob,more,alternating,yes
4c9d1fa408d25c02684bd4b15793688b,fundraising,more,bob,first,alice,less,NA,yes
4c9d1fa408d25c02684bd4b15793688b,fundraising,more,bob,second,alice,less,repeating,yes
4c9d1fa408d25c02684bd4b15793688b,concerts,equal,alice,first,bob,equal,NA,yes
4c9d1fa408d25c02684bd4b15793688b,concerts,equal,alice,second,bob,equal,repeating,yes
6d2760fc382c5579bc11b56d3c00aff5,conversation,equal,alice,first,alice,equal,NA,yes
6d2760fc382c5579bc11b56d3c00aff5,conversation,equal,alice,second,bob,equal,alternating,yes
6d2760fc382c5579bc11b56d3c00aff5,meeting prep,less,alice,first,bob,more,NA,yes
6d2760fc382c5579bc11b56d3c00aff5,meeting prep,less,alice,second,alice,less,alternating,yes
6d2760fc382c5579bc11b56d3c00aff5,concerts,more,alice,first,bob,less,NA,yes
6d2760fc382c5579bc11b56d3c00aff5,concerts,more,alice,second,alice,more,alternating,yes
6d2760fc382c5579bc11b56d3c00aff5,fundraising,less,alice,first,alice,less,NA,yes
6d2760fc382c5579bc11b56d3c00aff5,fundraising,less,alice,second,alice,less,repeating,yes
6d2760fc382c5579bc11b56d3c00aff5,scheduling,equal,bob,first,bob,equal,NA,yes
6d2760fc382c5579bc11b56d3c00aff5,scheduling,equal,bob,second,alice,equal,alternating,yes
6d2760fc382c5579bc11b56d3c00aff5,police,more,alice,first,bob,less,NA,yes
6d2760fc382c5579bc11b56d3c00aff5,police,more,alice,second,bob,less,repeating,yes
6d2760fc382c5579bc11b56d3c00aff5,group project,less,bob,first,alice,more,NA,yes
6d2760fc382c5579bc11b56d3c00aff5,group project,less,bob,second,bob,less,alternating,yes
6d2760fc382c5579bc11b56d3c00aff5,restaurant,more,bob,first,alice,less,NA,yes
6d2760fc382c5579bc11b56d3c00aff5,restaurant,more,bob,second,alice,less,repeating,yes
6d2760fc382c5579bc11b56d3c00aff5,babysitting,less,alice,first,alice,less,NA,yes
6d2760fc382c5579bc11b56d3c00aff5,babysitting,less,alice,second,alice,less,repeating,yes
6d2760fc382c5579bc11b56d3c00aff5,weekend,equal,bob,first,bob,equal,NA,yes
6d2760fc382c5579bc11b56d3c00aff5,weekend,equal,bob,second,alice,equal,alternating,yes
6d2760fc382c5579bc11b56d3c00aff5,groceries,equal,alice,first,alice,equal,NA,yes
6d2760fc382c5579bc11b56d3c00aff5,groceries,equal,alice,second,bob,equal,alternating,yes
6d2760fc382c5579bc11b56d3c00aff5,meeting location,more,alice,first,alice,more,NA,yes
6d2760fc382c5579bc11b56d3c00aff5,meeting location,more,alice,second,bob,less,alternating,yes
6d2760fc382c5579bc11b56d3c00aff5,coffee,equal,alice,first,alice,equal,NA,yes
6d2760fc382c5579bc11b56d3c00aff5,coffee,equal,alice,second,bob,equal,alternating,yes
6d2760fc382c5579bc11b56d3c00aff5,gifts,less,bob,first,alice,more,NA,yes
6d2760fc382c5579bc11b56d3c00aff5,gifts,less,bob,second,alice,more,repeating,yes
6d2760fc382c5579bc11b56d3c00aff5,housemates,more,bob,first,alice,less,NA,yes
6d2760fc382c5579bc11b56d3c00aff5,housemates,more,bob,second,bob,more,alternating,yes
6d2760fc382c5579bc11b56d3c00aff5,family meals,equal,bob,first,bob,equal,NA,yes
6d2760fc382c5579bc11b56d3c00aff5,family meals,equal,bob,second,alice,equal,alternating,yes
6d2760fc382c5579bc11b56d3c00aff5,architects,less,bob,first,bob,less,NA,yes
6d2760fc382c5579bc11b56d3c00aff5,architects,less,bob,second,alice,more,alternating,yes
6d2760fc382c5579bc11b56d3c00aff5,feedback,more,bob,first,bob,more,NA,yes
6d2760fc382c5579bc11b56d3c00aff5,feedback,more,bob,second,bob,more,repeating,yes
ce3f16170aa604dee81ba1246e53602e,scheduling,less,bob,first,bob,less,NA,yes
ce3f16170aa604dee81ba1246e53602e,scheduling,less,bob,second,bob,less,repeating,yes
ce3f16170aa604dee81ba1246e53602e,architects,more,bob,first,alice,less,NA,yes
ce3f16170aa604dee81ba1246e53602e,architects,more,bob,second,bob,more,alternating,yes
ce3f16170aa604dee81ba1246e53602e,gifts,equal,bob,first,bob,equal,NA,yes
ce3f16170aa604dee81ba1246e53602e,gifts,equal,bob,second,alice,equal,alternating,yes
ce3f16170aa604dee81ba1246e53602e,babysitting,more,alice,first,bob,less,NA,yes
ce3f16170aa604dee81ba1246e53602e,babysitting,more,alice,second,bob,less,repeating,yes
ce3f16170aa604dee81ba1246e53602e,meeting prep,equal,alice,first,bob,equal,NA,yes
ce3f16170aa604dee81ba1246e53602e,meeting prep,equal,alice,second,bob,equal,repeating,yes
ce3f16170aa604dee81ba1246e53602e,weekend,equal,bob,first,bob,equal,NA,yes
ce3f16170aa604dee81ba1246e53602e,weekend,equal,bob,second,bob,equal,repeating,yes
ce3f16170aa604dee81ba1246e53602e,feedback,equal,bob,first,bob,equal,NA,yes
ce3f16170aa604dee81ba1246e53602e,feedback,equal,bob,second,alice,equal,alternating,yes
ce3f16170aa604dee81ba1246e53602e,housemates,less,bob,first,bob,less,NA,yes
ce3f16170aa604dee81ba1246e53602e,housemates,less,bob,second,bob,less,repeating,yes
ce3f16170aa604dee81ba1246e53602e,restaurant,less,alice,first,alice,less,NA,yes
ce3f16170aa604dee81ba1246e53602e,restaurant,less,alice,second,alice,less,repeating,yes
ce3f16170aa604dee81ba1246e53602e,conversation,less,alice,first,bob,more,NA,yes
ce3f16170aa604dee81ba1246e53602e,conversation,less,alice,second,alice,less,alternating,yes
ce3f16170aa604dee81ba1246e53602e,police,equal,alice,first,bob,equal,NA,yes
ce3f16170aa604dee81ba1246e53602e,police,equal,alice,second,alice,equal,alternating,yes
ce3f16170aa604dee81ba1246e53602e,groceries,more,bob,first,alice,less,NA,yes
ce3f16170aa604dee81ba1246e53602e,groceries,more,bob,second,bob,more,alternating,yes
ce3f16170aa604dee81ba1246e53602e,family meals,more,alice,first,alice,more,NA,yes
ce3f16170aa604dee81ba1246e53602e,family meals,more,alice,second,alice,more,repeating,yes
ce3f16170aa604dee81ba1246e53602e,group project,more,alice,first,alice,more,NA,yes
ce3f16170aa604dee81ba1246e53602e,group project,more,alice,second,alice,more,repeating,yes
ce3f16170aa604dee81ba1246e53602e,concerts,less,alice,first,bob,more,NA,yes
ce3f16170aa604dee81ba1246e53602e,concerts,less,alice,second,bob,more,repeating,yes
ce3f16170aa604dee81ba1246e53602e,coffee,more,bob,first,bob,more,NA,yes
ce3f16170aa604dee81ba1246e53602e,coffee,more,bob,second,alice,less,alternating,yes
ce3f16170aa604dee81ba1246e53602e,meeting location,less,bob,first,bob,less,NA,yes
ce3f16170aa604dee81ba1246e53602e,meeting location,less,bob,second,bob,less,repeating,yes
ce3f16170aa604dee81ba1246e53602e,fundraising,equal,alice,first,alice,equal,NA,yes
ce3f16170aa604dee81ba1246e53602e,fundraising,equal,alice,second,alice,equal,repeating,yes
ef349ec7e7fa13d3a5967de4535238ae,architects,equal,alice,first,alice,equal,NA,yes
ef349ec7e7fa13d3a5967de4535238ae,architects,equal,alice,second,bob,equal,alternating,yes
ef349ec7e7fa13d3a5967de4535238ae,scheduling,more,bob,first,alice,less,NA,yes
ef349ec7e7fa13d3a5967de4535238ae,scheduling,more,bob,second,alice,less,repeating,yes
ef349ec7e7fa13d3a5967de4535238ae,meeting prep,less,bob,first,alice,more,NA,yes
ef349ec7e7fa13d3a5967de4535238ae,meeting prep,less,bob,second,bob,less,alternating,yes
ef349ec7e7fa13d3a5967de4535238ae,housemates,more,bob,first,alice,less,NA,yes
ef349ec7e7fa13d3a5967de4535238ae,housemates,more,bob,second,bob,more,alternating,yes
ef349ec7e7fa13d3a5967de4535238ae,group project,equal,bob,first,alice,equal,NA,yes
ef349ec7e7fa13d3a5967de4535238ae,group project,equal,bob,second,alice,equal,repeating,yes
ef349ec7e7fa13d3a5967de4535238ae,coffee,equal,alice,first,bob,equal,NA,yes
ef349ec7e7fa13d3a5967de4535238ae,coffee,equal,alice,second,alice,equal,alternating,yes
ef349ec7e7fa13d3a5967de4535238ae,weekend,less,alice,first,alice,less,NA,yes
ef349ec7e7fa13d3a5967de4535238ae,weekend,less,alice,second,alice,less,repeating,yes
ef349ec7e7fa13d3a5967de4535238ae,fundraising,less,bob,first,alice,more,NA,yes
ef349ec7e7fa13d3a5967de4535238ae,fundraising,less,bob,second,alice,more,repeating,yes
ef349ec7e7fa13d3a5967de4535238ae,feedback,less,alice,first,bob,more,NA,yes
ef349ec7e7fa13d3a5967de4535238ae,feedback,less,alice,second,bob,more,repeating,yes
ef349ec7e7fa13d3a5967de4535238ae,restaurant,more,alice,first,alice,more,NA,yes
ef349ec7e7fa13d3a5967de4535238ae,restaurant,more,alice,second,bob,less,alternating,yes
ef349ec7e7fa13d3a5967de4535238ae,family meals,equal,bob,first,alice,equal,NA,yes
ef349ec7e7fa13d3a5967de4535238ae,family meals,equal,bob,second,alice,equal,repeating,yes
ef349ec7e7fa13d3a5967de4535238ae,groceries,equal,alice,first,bob,equal,NA,yes
ef349ec7e7fa13d3a5967de4535238ae,groceries,equal,alice,second,bob,equal,repeating,yes
ef349ec7e7fa13d3a5967de4535238ae,babysitting,equal,bob,first,bob,equal,NA,yes
ef349ec7e7fa13d3a5967de4535238ae,babysitting,equal,bob,second,alice,equal,alternating,yes
ef349ec7e7fa13d3a5967de4535238ae,conversation,more,alice,first,alice,more,NA,yes
ef349ec7e7fa13d3a5967de4535238ae,conversation,more,alice,second,alice,more,repeating,yes
ef349ec7e7fa13d3a5967de4535238ae,police,less,bob,first,bob,less,NA,yes
ef349ec7e7fa13d3a5967de4535238ae,police,less,bob,second,bob,less,repeating,yes
ef349ec7e7fa13d3a5967de4535238ae,gifts,less,alice,first,alice,less,NA,yes
ef349ec7e7fa13d3a5967de4535238ae,gifts,less,alice,second,alice,less,repeating,yes
ef349ec7e7fa13d3a5967de4535238ae,meeting location,more,bob,first,alice,less,NA,yes
ef349ec7e7fa13d3a5967de4535238ae,meeting location,more,bob,second,alice,less,repeating,yes
ef349ec7e7fa13d3a5967de4535238ae,concerts,more,alice,first,alice,more,NA,yes
ef349ec7e7fa13d3a5967de4535238ae,concerts,more,alice,second,alice,more,repeating,yes
0ed3cb686433d35548d02e268352340c,family meals,more,bob,first,bob,more,NA,yes
0ed3cb686433d35548d02e268352340c,family meals,more,bob,second,bob,more,repeating,yes
0ed3cb686433d35548d02e268352340c,architects,equal,bob,first,bob,equal,NA,yes
0ed3cb686433d35548d02e268352340c,architects,equal,bob,second,alice,equal,alternating,yes
0ed3cb686433d35548d02e268352340c,gifts,equal,bob,first,alice,equal,NA,yes
0ed3cb686433d35548d02e268352340c,gifts,equal,bob,second,alice,equal,repeating,yes
0ed3cb686433d35548d02e268352340c,restaurant,less,alice,first,alice,less,NA,yes
0ed3cb686433d35548d02e268352340c,restaurant,less,alice,second,bob,more,alternating,yes
0ed3cb686433d35548d02e268352340c,fundraising,equal,alice,first,alice,equal,NA,yes
0ed3cb686433d35548d02e268352340c,fundraising,equal,alice,second,alice,equal,repeating,yes
0ed3cb686433d35548d02e268352340c,scheduling,more,bob,first,alice,less,NA,yes
0ed3cb686433d35548d02e268352340c,scheduling,more,bob,second,bob,more,alternating,yes
0ed3cb686433d35548d02e268352340c,police,less,bob,first,bob,less,NA,yes
0ed3cb686433d35548d02e268352340c,police,less,bob,second,bob,less,repeating,yes
0ed3cb686433d35548d02e268352340c,group project,equal,bob,first,bob,equal,NA,yes
0ed3cb686433d35548d02e268352340c,group project,equal,bob,second,alice,equal,alternating,yes
0ed3cb686433d35548d02e268352340c,conversation,more,alice,first,alice,more,NA,yes
0ed3cb686433d35548d02e268352340c,conversation,more,alice,second,alice,more,repeating,yes
0ed3cb686433d35548d02e268352340c,babysitting,equal,alice,first,bob,equal,NA,yes
0ed3cb686433d35548d02e268352340c,babysitting,equal,alice,second,bob,equal,repeating,yes
0ed3cb686433d35548d02e268352340c,housemates,less,alice,first,alice,less,NA,yes
0ed3cb686433d35548d02e268352340c,housemates,less,alice,second,alice,less,repeating,yes
0ed3cb686433d35548d02e268352340c,feedback,less,alice,first,bob,more,NA,yes
0ed3cb686433d35548d02e268352340c,feedback,less,alice,second,bob,more,repeating,yes
0ed3cb686433d35548d02e268352340c,meeting prep,equal,alice,first,alice,equal,NA,yes
0ed3cb686433d35548d02e268352340c,meeting prep,equal,alice,second,alice,equal,repeating,yes
0ed3cb686433d35548d02e268352340c,coffee,more,alice,first,alice,more,NA,yes
0ed3cb686433d35548d02e268352340c,coffee,more,alice,second,alice,more,repeating,yes
0ed3cb686433d35548d02e268352340c,meeting location,less,bob,first,bob,less,NA,yes
0ed3cb686433d35548d02e268352340c,meeting location,less,bob,second,bob,less,repeating,yes
0ed3cb686433d35548d02e268352340c,groceries,more,alice,first,bob,less,NA,yes
0ed3cb686433d35548d02e268352340c,groceries,more,alice,second,alice,more,alternating,yes
0ed3cb686433d35548d02e268352340c,weekend,more,bob,first,bob,more,NA,yes
0ed3cb686433d35548d02e268352340c,weekend,more,bob,second,bob,more,repeating,yes
0ed3cb686433d35548d02e268352340c,concerts,less,bob,first,alice,more,NA,yes
0ed3cb686433d35548d02e268352340c,concerts,less,bob,second,alice,more,repeating,yes
da5c63977fe5461c868814092c90ad57,meeting prep,more,alice,first,bob,less,NA,yes
da5c63977fe5461c868814092c90ad57,meeting prep,more,alice,second,alice,more,alternating,yes
da5c63977fe5461c868814092c90ad57,coffee,less,alice,first,bob,more,NA,yes
da5c63977fe5461c868814092c90ad57,coffee,less,alice,second,alice,less,alternating,yes
da5c63977fe5461c868814092c90ad57,restaurant,equal,alice,first,alice,equal,NA,yes
da5c63977fe5461c868814092c90ad57,restaurant,equal,alice,second,bob,equal,alternating,yes
da5c63977fe5461c868814092c90ad57,concerts,equal,alice,first,alice,equal,NA,yes
da5c63977fe5461c868814092c90ad57,concerts,equal,alice,second,bob,equal,alternating,yes
da5c63977fe5461c868814092c90ad57,scheduling,equal,bob,first,bob,equal,NA,yes
da5c63977fe5461c868814092c90ad57,scheduling,equal,bob,second,alice,equal,alternating,yes
da5c63977fe5461c868814092c90ad57,group project,less,bob,first,alice,more,NA,yes
da5c63977fe5461c868814092c90ad57,group project,less,bob,second,bob,less,alternating,yes
da5c63977fe5461c868814092c90ad57,meeting location,equal,bob,first,alice,equal,NA,yes
da5c63977fe5461c868814092c90ad57,meeting location,equal,bob,second,alice,equal,repeating,yes
da5c63977fe5461c868814092c90ad57,weekend,more,bob,first,bob,more,NA,yes
da5c63977fe5461c868814092c90ad57,weekend,more,bob,second,alice,less,alternating,yes
da5c63977fe5461c868814092c90ad57,conversation,equal,alice,first,bob,equal,NA,yes
da5c63977fe5461c868814092c90ad57,conversation,equal,alice,second,alice,equal,alternating,yes
da5c63977fe5461c868814092c90ad57,feedback,more,bob,first,bob,more,NA,yes
da5c63977fe5461c868814092c90ad57,feedback,more,bob,second,bob,more,repeating,yes
da5c63977fe5461c868814092c90ad57,housemates,equal,bob,first,alice,equal,NA,yes
da5c63977fe5461c868814092c90ad57,housemates,equal,bob,second,bob,equal,alternating,yes
da5c63977fe5461c868814092c90ad57,architects,less,alice,first,alice,less,NA,yes
da5c63977fe5461c868814092c90ad57,architects,less,alice,second,alice,less,repeating,yes
da5c63977fe5461c868814092c90ad57,police,more,alice,first,bob,less,NA,yes
da5c63977fe5461c868814092c90ad57,police,more,alice,second,alice,more,alternating,yes
da5c63977fe5461c868814092c90ad57,fundraising,more,alice,first,alice,more,NA,yes
da5c63977fe5461c868814092c90ad57,fundraising,more,alice,second,alice,more,repeating,yes
da5c63977fe5461c868814092c90ad57,family meals,less,bob,first,alice,more,NA,yes
da5c63977fe5461c868814092c90ad57,family meals,less,bob,second,bob,less,alternating,yes
da5c63977fe5461c868814092c90ad57,gifts,more,bob,first,alice,less,NA,yes
da5c63977fe5461c868814092c90ad57,gifts,more,bob,second,bob,more,alternating,yes
da5c63977fe5461c868814092c90ad57,groceries,less,alice,first,bob,more,NA,yes
da5c63977fe5461c868814092c90ad57,groceries,less,alice,second,alice,less,alternating,yes
da5c63977fe5461c868814092c90ad57,babysitting,less,bob,first,bob,less,NA,yes
da5c63977fe5461c868814092c90ad57,babysitting,less,bob,second,bob,less,repeating,yes
2d752c1a602a475ee2bbcffbdde925d1,housemates,more,bob,first,bob,more,NA,yes
2d752c1a602a475ee2bbcffbdde925d1,housemates,more,bob,second,bob,more,repeating,yes
2d752c1a602a475ee2bbcffbdde925d1,restaurant,more,alice,first,bob,less,NA,yes
2d752c1a602a475ee2bbcffbdde925d1,restaurant,more,alice,second,bob,less,repeating,yes
2d752c1a602a475ee2bbcffbdde925d1,concerts,more,alice,first,alice,more,NA,yes
2d752c1a602a475ee2bbcffbdde925d1,concerts,more,alice,second,bob,less,alternating,yes
2d752c1a602a475ee2bbcffbdde925d1,police,less,bob,first,bob,less,NA,yes
2d752c1a602a475ee2bbcffbdde925d1,police,less,bob,second,bob,less,repeating,yes
2d752c1a602a475ee2bbcffbdde925d1,weekend,less,alice,first,bob,more,NA,yes
2d752c1a602a475ee2bbcffbdde925d1,weekend,less,alice,second,alice,less,alternating,yes
2d752c1a602a475ee2bbcffbdde925d1,architects,equal,alice,first,bob,equal,NA,yes
2d752c1a602a475ee2bbcffbdde925d1,architects,equal,alice,second,bob,equal,repeating,yes
2d752c1a602a475ee2bbcffbdde925d1,coffee,equal,alice,first,alice,equal,NA,yes
2d752c1a602a475ee2bbcffbdde925d1,coffee,equal,alice,second,bob,equal,alternating,yes
2d752c1a602a475ee2bbcffbdde925d1,meeting location,more,bob,first,alice,less,NA,yes
2d752c1a602a475ee2bbcffbdde925d1,meeting location,more,bob,second,alice,less,repeating,yes
2d752c1a602a475ee2bbcffbdde925d1,babysitting,equal,bob,first,alice,equal,NA,yes
2d752c1a602a475ee2bbcffbdde925d1,babysitting,equal,bob,second,alice,equal,repeating,yes
2d752c1a602a475ee2bbcffbdde925d1,family meals,equal,bob,first,alice,equal,NA,yes
2d752c1a602a475ee2bbcffbdde925d1,family meals,equal,bob,second,alice,equal,repeating,yes
2d752c1a602a475ee2bbcffbdde925d1,feedback,less,alice,first,bob,more,NA,yes
2d752c1a602a475ee2bbcffbdde925d1,feedback,less,alice,second,bob,more,repeating,yes
2d752c1a602a475ee2bbcffbdde925d1,fundraising,less,bob,first,alice,more,NA,yes
2d752c1a602a475ee2bbcffbdde925d1,fundraising,less,bob,second,alice,more,repeating,yes
2d752c1a602a475ee2bbcffbdde925d1,meeting prep,less,bob,first,alice,more,NA,yes
2d752c1a602a475ee2bbcffbdde925d1,meeting prep,less,bob,second,alice,more,repeating,yes
2d752c1a602a475ee2bbcffbdde925d1,conversation,more,alice,first,alice,more,NA,yes
2d752c1a602a475ee2bbcffbdde925d1,conversation,more,alice,second,bob,less,alternating,yes
2d752c1a602a475ee2bbcffbdde925d1,gifts,less,alice,first,bob,more,NA,yes
2d752c1a602a475ee2bbcffbdde925d1,gifts,less,alice,second,bob,more,repeating,yes
2d752c1a602a475ee2bbcffbdde925d1,groceries,equal,alice,first,alice,equal,NA,yes
2d752c1a602a475ee2bbcffbdde925d1,groceries,equal,alice,second,bob,equal,alternating,yes
2d752c1a602a475ee2bbcffbdde925d1,group project,equal,bob,first,alice,equal,NA,yes
2d752c1a602a475ee2bbcffbdde925d1,group project,equal,bob,second,alice,equal,repeating,yes
2d752c1a602a475ee2bbcffbdde925d1,scheduling,more,bob,first,bob,more,NA,yes
2d752c1a602a475ee2bbcffbdde925d1,scheduling,more,bob,second,bob,more,repeating,yes
0d4deaaace62d9617e50b89720c6521f,meeting location,less,alice,first,alice,less,NA,yes
0d4deaaace62d9617e50b89720c6521f,meeting location,less,alice,second,bob,more,alternating,yes
0d4deaaace62d9617e50b89720c6521f,feedback,less,bob,first,alice,more,NA,yes
0d4deaaace62d9617e50b89720c6521f,feedback,less,bob,second,alice,more,repeating,yes
0d4deaaace62d9617e50b89720c6521f,restaurant,less,bob,first,bob,less,NA,yes
0d4deaaace62d9617e50b89720c6521f,restaurant,less,bob,second,bob,less,repeating,yes
0d4deaaace62d9617e50b89720c6521f,architects,equal,alice,first,alice,equal,NA,yes
0d4deaaace62d9617e50b89720c6521f,architects,equal,alice,second,bob,equal,alternating,yes
0d4deaaace62d9617e50b89720c6521f,police,less,alice,first,bob,more,NA,yes
0d4deaaace62d9617e50b89720c6521f,police,less,alice,second,alice,less,alternating,yes
0d4deaaace62d9617e50b89720c6521f,meeting prep,equal,bob,first,alice,equal,NA,yes
0d4deaaace62d9617e50b89720c6521f,meeting prep,equal,bob,second,alice,equal,repeating,yes
0d4deaaace62d9617e50b89720c6521f,groceries,more,bob,first,alice,less,NA,yes
0d4deaaace62d9617e50b89720c6521f,groceries,more,bob,second,alice,less,repeating,yes
0d4deaaace62d9617e50b89720c6521f,weekend,more,alice,first,bob,less,NA,yes
0d4deaaace62d9617e50b89720c6521f,weekend,more,alice,second,bob,less,repeating,yes
0d4deaaace62d9617e50b89720c6521f,concerts,less,alice,first,bob,more,NA,yes
0d4deaaace62d9617e50b89720c6521f,concerts,less,alice,second,bob,more,repeating,yes
0d4deaaace62d9617e50b89720c6521f,group project,equal,alice,first,alice,equal,NA,yes
0d4deaaace62d9617e50b89720c6521f,group project,equal,alice,second,bob,equal,alternating,yes
0d4deaaace62d9617e50b89720c6521f,conversation,more,bob,first,bob,more,NA,yes
0d4deaaace62d9617e50b89720c6521f,conversation,more,bob,second,alice,less,alternating,yes
0d4deaaace62d9617e50b89720c6521f,coffee,more,bob,first,bob,more,NA,yes
0d4deaaace62d9617e50b89720c6521f,coffee,more,bob,second,alice,less,alternating,yes
0d4deaaace62d9617e50b89720c6521f,fundraising,equal,bob,first,alice,equal,NA,yes
0d4deaaace62d9617e50b89720c6521f,fundraising,equal,bob,second,alice,equal,repeating,yes
0d4deaaace62d9617e50b89720c6521f,gifts,equal,alice,first,alice,equal,NA,yes
0d4deaaace62d9617e50b89720c6521f,gifts,equal,alice,second,bob,equal,alternating,yes
0d4deaaace62d9617e50b89720c6521f,family meals,more,alice,first,alice,more,NA,yes
0d4deaaace62d9617e50b89720c6521f,family meals,more,alice,second,bob,less,alternating,yes
0d4deaaace62d9617e50b89720c6521f,scheduling,more,alice,first,bob,less,NA,yes
0d4deaaace62d9617e50b89720c6521f,scheduling,more,alice,second,bob,less,repeating,yes
0d4deaaace62d9617e50b89720c6521f,babysitting,equal,bob,first,alice,equal,NA,yes
0d4deaaace62d9617e50b89720c6521f,babysitting,equal,bob,second,alice,equal,repeating,yes
0d4deaaace62d9617e50b89720c6521f,housemates,less,bob,first,bob,less,NA,yes
0d4deaaace62d9617e50b89720c6521f,housemates,less,bob,second,alice,more,alternating,yes
b93ca1c798f188a466494855066ce816,group project,less,alice,first,bob,more,NA,yes
b93ca1c798f188a466494855066ce816,group project,less,alice,second,alice,less,alternating,yes
b93ca1c798f188a466494855066ce816,weekend,equal,alice,first,alice,equal,NA,yes
b93ca1c798f188a466494855066ce816,weekend,equal,alice,second,alice,equal,repeating,yes
b93ca1c798f188a466494855066ce816,feedback,more,alice,first,bob,less,NA,yes
b93ca1c798f188a466494855066ce816,feedback,more,alice,second,bob,less,repeating,yes
b93ca1c798f188a466494855066ce816,fundraising,less,bob,first,alice,more,NA,yes
b93ca1c798f188a466494855066ce816,fundraising,less,bob,second,alice,more,repeating,yes
b93ca1c798f188a466494855066ce816,coffee,equal,bob,first,bob,equal,NA,yes
b93ca1c798f188a466494855066ce816,coffee,equal,bob,second,alice,equal,alternating,yes
b93ca1c798f188a466494855066ce816,meeting location,more,bob,first,bob,more,NA,yes
b93ca1c798f188a466494855066ce816,meeting location,more,bob,second,alice,less,alternating,yes
b93ca1c798f188a466494855066ce816,housemates,more,alice,first,alice,more,NA,yes
b93ca1c798f188a466494855066ce816,housemates,more,alice,second,alice,more,repeating,yes
b93ca1c798f188a466494855066ce816,babysitting,less,bob,first,alice,more,NA,yes
b93ca1c798f188a466494855066ce816,babysitting,less,bob,second,alice,more,repeating,yes
b93ca1c798f188a466494855066ce816,family meals,equal,alice,first,bob,equal,NA,yes
b93ca1c798f188a466494855066ce816,family meals,equal,alice,second,alice,equal,alternating,yes
b93ca1c798f188a466494855066ce816,police,more,bob,first,bob,more,NA,yes
b93ca1c798f188a466494855066ce816,police,more,bob,second,bob,more,repeating,yes
b93ca1c798f188a466494855066ce816,conversation,equal,bob,first,alice,equal,NA,yes
b93ca1c798f188a466494855066ce816,conversation,equal,bob,second,alice,equal,repeating,yes
b93ca1c798f188a466494855066ce816,meeting prep,less,bob,first,bob,less,NA,yes
b93ca1c798f188a466494855066ce816,meeting prep,less,bob,second,bob,less,repeating,yes
b93ca1c798f188a466494855066ce816,gifts,less,alice,first,bob,more,NA,yes
b93ca1c798f188a466494855066ce816,gifts,less,alice,second,bob,more,repeating,yes
b93ca1c798f188a466494855066ce816,architects,less,alice,first,bob,more,NA,yes
b93ca1c798f188a466494855066ce816,architects,less,alice,second,alice,less,alternating,yes
b93ca1c798f188a466494855066ce816,restaurant,more,alice,first,bob,less,NA,yes
b93ca1c798f188a466494855066ce816,restaurant,more,alice,second,bob,less,repeating,yes
b93ca1c798f188a466494855066ce816,concerts,more,bob,first,bob,more,NA,yes
b93ca1c798f188a466494855066ce816,concerts,more,bob,second,bob,more,repeating,yes
b93ca1c798f188a466494855066ce816,scheduling,equal,alice,first,alice,equal,NA,yes
b93ca1c798f188a466494855066ce816,scheduling,equal,alice,second,bob,equal,alternating,yes
b93ca1c798f188a466494855066ce816,groceries,equal,bob,first,alice,equal,NA,yes
b93ca1c798f188a466494855066ce816,groceries,equal,bob,second,alice,equal,repeating,yes
36dc12c696d9316f6f4f5e955d547e6b,meeting prep,less,bob,first,bob,less,NA,yes
36dc12c696d9316f6f4f5e955d547e6b,meeting prep,less,bob,second,bob,less,repeating,yes
36dc12c696d9316f6f4f5e955d547e6b,scheduling,equal,alice,first,alice,equal,NA,yes
36dc12c696d9316f6f4f5e955d547e6b,scheduling,equal,alice,second,bob,equal,alternating,yes
36dc12c696d9316f6f4f5e955d547e6b,feedback,more,alice,first,alice,more,NA,yes
36dc12c696d9316f6f4f5e955d547e6b,feedback,more,alice,second,alice,more,repeating,yes
36dc12c696d9316f6f4f5e955d547e6b,conversation,equal,bob,first,alice,equal,NA,yes
36dc12c696d9316f6f4f5e955d547e6b,conversation,equal,bob,second,alice,equal,repeating,yes
36dc12c696d9316f6f4f5e955d547e6b,coffee,equal,bob,first,alice,equal,NA,yes
36dc12c696d9316f6f4f5e955d547e6b,coffee,equal,bob,second,alice,equal,repeating,yes
36dc12c696d9316f6f4f5e955d547e6b,police,more,bob,first,alice,less,NA,yes
36dc12c696d9316f6f4f5e955d547e6b,police,more,bob,second,bob,more,alternating,yes
36dc12c696d9316f6f4f5e955d547e6b,group project,less,alice,first,bob,more,NA,yes
36dc12c696d9316f6f4f5e955d547e6b,group project,less,alice,second,alice,less,alternating,yes
36dc12c696d9316f6f4f5e955d547e6b,family meals,equal,alice,first,alice,equal,NA,yes
36dc12c696d9316f6f4f5e955d547e6b,family meals,equal,alice,second,bob,equal,alternating,yes
36dc12c696d9316f6f4f5e955d547e6b,concerts,more,bob,first,bob,more,NA,yes
36dc12c696d9316f6f4f5e955d547e6b,concerts,more,bob,second,alice,less,alternating,yes
36dc12c696d9316f6f4f5e955d547e6b,gifts,less,alice,first,bob,more,NA,yes
36dc12c696d9316f6f4f5e955d547e6b,gifts,less,alice,second,bob,more,repeating,yes
36dc12c696d9316f6f4f5e955d547e6b,restaurant,more,alice,first,alice,more,NA,yes
36dc12c696d9316f6f4f5e955d547e6b,restaurant,more,alice,second,alice,more,repeating,yes
36dc12c696d9316f6f4f5e955d547e6b,groceries,equal,bob,first,alice,equal,NA,yes
36dc12c696d9316f6f4f5e955d547e6b,groceries,equal,bob,second,alice,equal,repeating,yes
36dc12c696d9316f6f4f5e955d547e6b,babysitting,less,bob,first,bob,less,NA,yes
36dc12c696d9316f6f4f5e955d547e6b,babysitting,less,bob,second,alice,more,alternating,yes
36dc12c696d9316f6f4f5e955d547e6b,housemates,more,alice,first,alice,more,NA,yes
36dc12c696d9316f6f4f5e955d547e6b,housemates,more,alice,second,alice,more,repeating,yes
36dc12c696d9316f6f4f5e955d547e6b,meeting location,more,bob,first,bob,more,NA,yes
36dc12c696d9316f6f4f5e955d547e6b,meeting location,more,bob,second,alice,less,alternating,yes
36dc12c696d9316f6f4f5e955d547e6b,weekend,equal,alice,first,bob,equal,NA,yes
36dc12c696d9316f6f4f5e955d547e6b,weekend,equal,alice,second,bob,equal,repeating,yes
36dc12c696d9316f6f4f5e955d547e6b,architects,less,alice,first,alice,less,NA,yes
36dc12c696d9316f6f4f5e955d547e6b,architects,less,alice,second,bob,more,alternating,yes
36dc12c696d9316f6f4f5e955d547e6b,fundraising,less,bob,first,alice,more,NA,yes
36dc12c696d9316f6f4f5e955d547e6b,fundraising,less,bob,second,alice,more,repeating,yes
cdd4d726d37c3ef62285d82541873d29,coffee,equal,bob,first,alice,equal,NA,yes
cdd4d726d37c3ef62285d82541873d29,coffee,equal,bob,second,alice,equal,repeating,yes
cdd4d726d37c3ef62285d82541873d29,group project,equal,alice,first,alice,equal,NA,yes
cdd4d726d37c3ef62285d82541873d29,group project,equal,alice,second,alice,equal,repeating,yes
cdd4d726d37c3ef62285d82541873d29,fundraising,less,alice,first,alice,less,NA,yes
cdd4d726d37c3ef62285d82541873d29,fundraising,less,alice,second,alice,less,repeating,yes
cdd4d726d37c3ef62285d82541873d29,conversation,more,bob,first,bob,more,NA,yes
cdd4d726d37c3ef62285d82541873d29,conversation,more,bob,second,bob,more,repeating,yes
cdd4d726d37c3ef62285d82541873d29,meeting prep,less,alice,first,bob,more,NA,yes
cdd4d726d37c3ef62285d82541873d29,meeting prep,less,alice,second,alice,less,alternating,yes
cdd4d726d37c3ef62285d82541873d29,groceries,equal,bob,first,bob,equal,NA,yes
cdd4d726d37c3ef62285d82541873d29,groceries,equal,bob,second,alice,equal,alternating,yes
cdd4d726d37c3ef62285d82541873d29,architects,equal,bob,first,alice,equal,NA,yes
cdd4d726d37c3ef62285d82541873d29,architects,equal,bob,second,bob,equal,alternating,yes
cdd4d726d37c3ef62285d82541873d29,concerts,more,bob,first,bob,more,NA,yes
cdd4d726d37c3ef62285d82541873d29,concerts,more,bob,second,alice,less,alternating,yes
cdd4d726d37c3ef62285d82541873d29,feedback,less,bob,first,alice,more,NA,yes
cdd4d726d37c3ef62285d82541873d29,feedback,less,bob,second,alice,more,repeating,yes
cdd4d726d37c3ef62285d82541873d29,babysitting,equal,alice,first,alice,equal,NA,yes
cdd4d726d37c3ef62285d82541873d29,babysitting,equal,alice,second,bob,equal,alternating,yes
cdd4d726d37c3ef62285d82541873d29,housemates,more,alice,first,bob,less,NA,yes
cdd4d726d37c3ef62285d82541873d29,housemates,more,alice,second,alice,more,alternating,yes
cdd4d726d37c3ef62285d82541873d29,meeting location,more,alice,first,bob,less,NA,yes
cdd4d726d37c3ef62285d82541873d29,meeting location,more,alice,second,alice,more,alternating,yes
cdd4d726d37c3ef62285d82541873d29,police,less,alice,first,alice,less,NA,yes
cdd4d726d37c3ef62285d82541873d29,police,less,alice,second,alice,less,repeating,yes
cdd4d726d37c3ef62285d82541873d29,weekend,less,bob,first,alice,more,NA,yes
cdd4d726d37c3ef62285d82541873d29,weekend,less,bob,second,bob,less,alternating,yes
cdd4d726d37c3ef62285d82541873d29,gifts,less,bob,first,alice,more,NA,yes
cdd4d726d37c3ef62285d82541873d29,gifts,less,bob,second,bob,less,alternating,yes
cdd4d726d37c3ef62285d82541873d29,scheduling,more,alice,first,bob,less,NA,yes
cdd4d726d37c3ef62285d82541873d29,scheduling,more,alice,second,alice,more,alternating,yes
cdd4d726d37c3ef62285d82541873d29,restaurant,more,bob,first,alice,less,NA,yes
cdd4d726d37c3ef62285d82541873d29,restaurant,more,bob,second,alice,less,repeating,yes
cdd4d726d37c3ef62285d82541873d29,family meals,equal,alice,first,alice,equal,NA,yes
cdd4d726d37c3ef62285d82541873d29,family meals,equal,alice,second,bob,equal,alternating,yes
3d2dd7a7e273b1cadaff4a6e8b67eed0,gifts,more,alice,first,alice,more,NA,yes
3d2dd7a7e273b1cadaff4a6e8b67eed0,gifts,more,alice,second,alice,more,repeating,yes
3d2dd7a7e273b1cadaff4a6e8b67eed0,architects,less,bob,first,bob,less,NA,yes
3d2dd7a7e273b1cadaff4a6e8b67eed0,architects,less,bob,second,bob,less,repeating,yes
3d2dd7a7e273b1cadaff4a6e8b67eed0,feedback,more,alice,first,alice,more,NA,yes
3d2dd7a7e273b1cadaff4a6e8b67eed0,feedback,more,alice,second,alice,more,repeating,yes
3d2dd7a7e273b1cadaff4a6e8b67eed0,housemates,equal,alice,first,alice,equal,NA,yes
3d2dd7a7e273b1cadaff4a6e8b67eed0,housemates,equal,alice,second,bob,equal,alternating,yes
3d2dd7a7e273b1cadaff4a6e8b67eed0,meeting prep,more,bob,first,bob,more,NA,yes
3d2dd7a7e273b1cadaff4a6e8b67eed0,meeting prep,more,bob,second,bob,more,repeating,yes
3d2dd7a7e273b1cadaff4a6e8b67eed0,babysitting,less,alice,first,alice,less,NA,yes
3d2dd7a7e273b1cadaff4a6e8b67eed0,babysitting,less,alice,second,alice,less,repeating,yes
3d2dd7a7e273b1cadaff4a6e8b67eed0,groceries,less,bob,first,bob,less,NA,yes
3d2dd7a7e273b1cadaff4a6e8b67eed0,groceries,less,bob,second,bob,less,repeating,yes
3d2dd7a7e273b1cadaff4a6e8b67eed0,police,more,bob,first,alice,less,NA,yes
3d2dd7a7e273b1cadaff4a6e8b67eed0,police,more,bob,second,bob,more,alternating,yes
3d2dd7a7e273b1cadaff4a6e8b67eed0,coffee,less,bob,first,alice,more,NA,yes
3d2dd7a7e273b1cadaff4a6e8b67eed0,coffee,less,bob,second,bob,less,alternating,yes
3d2dd7a7e273b1cadaff4a6e8b67eed0,restaurant,equal,bob,first,bob,equal,NA,yes
3d2dd7a7e273b1cadaff4a6e8b67eed0,restaurant,equal,bob,second,alice,equal,alternating,yes
3d2dd7a7e273b1cadaff4a6e8b67eed0,weekend,more,alice,first,alice,more,NA,yes
3d2dd7a7e273b1cadaff4a6e8b67eed0,weekend,more,alice,second,alice,more,repeating,yes
3d2dd7a7e273b1cadaff4a6e8b67eed0,meeting location,equal,alice,first,bob,equal,NA,yes
3d2dd7a7e273b1cadaff4a6e8b67eed0,meeting location,equal,alice,second,alice,equal,alternating,yes
3d2dd7a7e273b1cadaff4a6e8b67eed0,family meals,less,alice,first,bob,more,NA,yes
3d2dd7a7e273b1cadaff4a6e8b67eed0,family meals,less,alice,second,alice,less,alternating,yes
3d2dd7a7e273b1cadaff4a6e8b67eed0,scheduling,equal,alice,first,alice,equal,NA,yes
3d2dd7a7e273b1cadaff4a6e8b67eed0,scheduling,equal,alice,second,bob,equal,alternating,yes
3d2dd7a7e273b1cadaff4a6e8b67eed0,conversation,equal,bob,first,alice,equal,NA,yes
3d2dd7a7e273b1cadaff4a6e8b67eed0,conversation,equal,bob,second,bob,equal,alternating,yes
3d2dd7a7e273b1cadaff4a6e8b67eed0,fundraising,more,bob,first,alice,less,NA,yes
3d2dd7a7e273b1cadaff4a6e8b67eed0,fundraising,more,bob,second,alice,less,repeating,yes
3d2dd7a7e273b1cadaff4a6e8b67eed0,concerts,equal,bob,first,bob,equal,NA,yes
3d2dd7a7e273b1cadaff4a6e8b67eed0,concerts,equal,bob,second,alice,equal,alternating,yes
3d2dd7a7e273b1cadaff4a6e8b67eed0,group project,less,alice,first,bob,more,NA,yes
3d2dd7a7e273b1cadaff4a6e8b67eed0,group project,less,alice,second,alice,less,alternating,yes
