"subject_id","story","first_actual_higher","strategy_repeating","first_response_higher","second_response_higher","symmetric"
"8b4d3b75b57792a8159b7e8812f8fe2a","family meals","lower","alternating","higher","lower","asymmetric"
"8b4d3b75b57792a8159b7e8812f8fe2a","concerts","equal","repeating","equal","equal","symmetric"
"8b4d3b75b57792a8159b7e8812f8fe2a","housemates","equal","repeating","equal","equal","symmetric"
"8b4d3b75b57792a8159b7e8812f8fe2a","architects","lower","alternating","higher","lower","asymmetric"
"8b4d3b75b57792a8159b7e8812f8fe2a","meeting prep","higher","alternating","lower","higher","asymmetric"
"8b4d3b75b57792a8159b7e8812f8fe2a","conversation","equal","repeating","equal","equal","symmetric"
"8b4d3b75b57792a8159b7e8812f8fe2a","police","higher","repeating","higher","higher","asymmetric"
"8b4d3b75b57792a8159b7e8812f8fe2a","babysitting","lower","repeating","lower","lower","asymmetric"
"8b4d3b75b57792a8159b7e8812f8fe2a","scheduling","equal","alternating","equal","equal","symmetric"
"8b4d3b75b57792a8159b7e8812f8fe2a","weekend","higher","alternating","lower","higher","asymmetric"
"8b4d3b75b57792a8159b7e8812f8fe2a","coffee","lower","alternating","higher","lower","asymmetric"
"8b4d3b75b57792a8159b7e8812f8fe2a","groceries","lower","repeating","lower","lower","asymmetric"
"8b4d3b75b57792a8159b7e8812f8fe2a","feedback","higher","alternating","higher","lower","asymmetric"
"8b4d3b75b57792a8159b7e8812f8fe2a","group project","lower","repeating","higher","higher","asymmetric"
"8b4d3b75b57792a8159b7e8812f8fe2a","gifts","higher","repeating","lower","lower","asymmetric"
"8b4d3b75b57792a8159b7e8812f8fe2a","meeting location","equal","repeating","equal","equal","symmetric"
"8b4d3b75b57792a8159b7e8812f8fe2a","restaurant","equal","alternating","equal","equal","symmetric"
"2d9ab09121aae9901385e47553da7409","babysitting","equal","alternating","equal","equal","symmetric"
"2d9ab09121aae9901385e47553da7409","meeting prep","lower","repeating","lower","lower","asymmetric"
"2d9ab09121aae9901385e47553da7409","group project","equal","alternating","equal","equal","symmetric"
"2d9ab09121aae9901385e47553da7409","restaurant","higher","repeating","lower","lower","asymmetric"
"2d9ab09121aae9901385e47553da7409","scheduling","higher","repeating","lower","lower","asymmetric"
"2d9ab09121aae9901385e47553da7409","meeting location","higher","repeating","lower","lower","asymmetric"
"2d9ab09121aae9901385e47553da7409","weekend","lower","repeating","lower","lower","asymmetric"
"2d9ab09121aae9901385e47553da7409","conversation","higher","alternating","higher","lower","asymmetric"
"2d9ab09121aae9901385e47553da7409","feedback","lower","alternating","lower","higher","asymmetric"
"2d9ab09121aae9901385e47553da7409","architects","equal","repeating","equal","equal","symmetric"
"2d9ab09121aae9901385e47553da7409","gifts","lower","repeating","higher","higher","asymmetric"
"2d9ab09121aae9901385e47553da7409","coffee","equal","repeating","equal","equal","symmetric"
"2d9ab09121aae9901385e47553da7409","police","lower","repeating","lower","lower","asymmetric"
"2d9ab09121aae9901385e47553da7409","groceries","equal","alternating","equal","equal","symmetric"
"2d9ab09121aae9901385e47553da7409","family meals","equal","alternating","equal","equal","symmetric"
"2d9ab09121aae9901385e47553da7409","housemates","higher","repeating","lower","lower","asymmetric"
"2d9ab09121aae9901385e47553da7409","concerts","higher","alternating","higher","lower","asymmetric"
"6472c6d2771b5a3c87d8641cf079fb36","feedback","lower","alternating","lower","higher","asymmetric"
"6472c6d2771b5a3c87d8641cf079fb36","conversation","higher","repeating","lower","lower","asymmetric"
"6472c6d2771b5a3c87d8641cf079fb36","concerts","higher","alternating","higher","lower","asymmetric"
"6472c6d2771b5a3c87d8641cf079fb36","babysitting","equal","alternating","equal","equal","symmetric"
"6472c6d2771b5a3c87d8641cf079fb36","police","lower","alternating","higher","lower","asymmetric"
"6472c6d2771b5a3c87d8641cf079fb36","housemates","higher","repeating","lower","lower","asymmetric"
"6472c6d2771b5a3c87d8641cf079fb36","weekend","lower","alternating","lower","higher","asymmetric"
"6472c6d2771b5a3c87d8641cf079fb36","restaurant","higher","repeating","lower","lower","asymmetric"
"6472c6d2771b5a3c87d8641cf079fb36","coffee","equal","alternating","equal","equal","symmetric"
"6472c6d2771b5a3c87d8641cf079fb36","architects","equal","repeating","equal","equal","symmetric"
"6472c6d2771b5a3c87d8641cf079fb36","meeting prep","lower","repeating","higher","higher","asymmetric"
"6472c6d2771b5a3c87d8641cf079fb36","groceries","equal","alternating","equal","equal","symmetric"
"6472c6d2771b5a3c87d8641cf079fb36","scheduling","higher","alternating","lower","higher","asymmetric"
"6472c6d2771b5a3c87d8641cf079fb36","gifts","lower","alternating","higher","lower","asymmetric"
"6472c6d2771b5a3c87d8641cf079fb36","group project","equal","repeating","equal","equal","symmetric"
"6472c6d2771b5a3c87d8641cf079fb36","family meals","equal","alternating","equal","equal","symmetric"
"6472c6d2771b5a3c87d8641cf079fb36","meeting location","higher","alternating","lower","higher","asymmetric"
"1d9a159210c5557e39f11c086774ed04","meeting location","equal","alternating","equal","equal","symmetric"
"1d9a159210c5557e39f11c086774ed04","gifts","higher","alternating","lower","higher","asymmetric"
"1d9a159210c5557e39f11c086774ed04","groceries","lower","alternating","lower","higher","asymmetric"
"1d9a159210c5557e39f11c086774ed04","family meals","lower","repeating","lower","lower","asymmetric"
"1d9a159210c5557e39f11c086774ed04","feedback","equal","alternating","equal","equal","symmetric"
"1d9a159210c5557e39f11c086774ed04","group project","higher","repeating","higher","higher","asymmetric"
"1d9a159210c5557e39f11c086774ed04","architects","higher","alternating","lower","higher","asymmetric"
"1d9a159210c5557e39f11c086774ed04","weekend","lower","repeating","lower","lower","asymmetric"
"1d9a159210c5557e39f11c086774ed04","conversation","lower","alternating","higher","lower","asymmetric"
"1d9a159210c5557e39f11c086774ed04","coffee","lower","alternating","lower","higher","asymmetric"
"1d9a159210c5557e39f11c086774ed04","restaurant","equal","alternating","equal","equal","symmetric"
"1d9a159210c5557e39f11c086774ed04","concerts","equal","alternating","equal","equal","symmetric"
"1d9a159210c5557e39f11c086774ed04","meeting prep","higher","repeating","lower","lower","asymmetric"
"1d9a159210c5557e39f11c086774ed04","police","equal","repeating","equal","equal","symmetric"
"1d9a159210c5557e39f11c086774ed04","housemates","equal","repeating","equal","equal","symmetric"
"1d9a159210c5557e39f11c086774ed04","scheduling","lower","repeating","lower","lower","asymmetric"
"1d9a159210c5557e39f11c086774ed04","babysitting","higher","repeating","lower","lower","asymmetric"
"73fd20114a8c4b966151dd55ae339e79","feedback","equal","repeating","equal","equal","symmetric"
"73fd20114a8c4b966151dd55ae339e79","police","equal","alternating","equal","equal","symmetric"
"73fd20114a8c4b966151dd55ae339e79","architects","higher","repeating","higher","higher","asymmetric"
"73fd20114a8c4b966151dd55ae339e79","babysitting","higher","repeating","lower","lower","asymmetric"
"73fd20114a8c4b966151dd55ae339e79","coffee","higher","alternating","lower","higher","asymmetric"
"73fd20114a8c4b966151dd55ae339e79","restaurant","lower","repeating","lower","lower","asymmetric"
"73fd20114a8c4b966151dd55ae339e79","groceries","higher","alternating","lower","higher","asymmetric"
"73fd20114a8c4b966151dd55ae339e79","meeting location","lower","repeating","lower","lower","asymmetric"
"73fd20114a8c4b966151dd55ae339e79","family meals","higher","repeating","higher","higher","asymmetric"
"73fd20114a8c4b966151dd55ae339e79","housemates","lower","alternating","higher","lower","asymmetric"
"73fd20114a8c4b966151dd55ae339e79","gifts","equal","repeating","equal","equal","symmetric"
"73fd20114a8c4b966151dd55ae339e79","conversation","lower","alternating","higher","lower","asymmetric"
"73fd20114a8c4b966151dd55ae339e79","group project","higher","repeating","higher","higher","asymmetric"
"73fd20114a8c4b966151dd55ae339e79","concerts","lower","alternating","higher","lower","asymmetric"
"73fd20114a8c4b966151dd55ae339e79","scheduling","lower","repeating","lower","lower","asymmetric"
"73fd20114a8c4b966151dd55ae339e79","weekend","equal","repeating","equal","equal","symmetric"
"73fd20114a8c4b966151dd55ae339e79","meeting prep","equal","alternating","equal","equal","symmetric"
"51532fa4519aae70427dfd7eb1587da6","meeting prep","higher","alternating","higher","lower","asymmetric"
"51532fa4519aae70427dfd7eb1587da6","housemates","equal","repeating","equal","equal","symmetric"
"51532fa4519aae70427dfd7eb1587da6","groceries","lower","repeating","lower","lower","asymmetric"
"51532fa4519aae70427dfd7eb1587da6","weekend","higher","alternating","lower","higher","asymmetric"
"51532fa4519aae70427dfd7eb1587da6","architects","lower","alternating","higher","lower","asymmetric"
"51532fa4519aae70427dfd7eb1587da6","babysitting","lower","alternating","lower","higher","asymmetric"
"51532fa4519aae70427dfd7eb1587da6","restaurant","equal","alternating","equal","equal","symmetric"
"51532fa4519aae70427dfd7eb1587da6","scheduling","equal","alternating","equal","equal","symmetric"
"51532fa4519aae70427dfd7eb1587da6","police","higher","repeating","higher","higher","asymmetric"
"51532fa4519aae70427dfd7eb1587da6","feedback","higher","repeating","lower","lower","asymmetric"
"51532fa4519aae70427dfd7eb1587da6","conversation","equal","alternating","equal","equal","symmetric"
"51532fa4519aae70427dfd7eb1587da6","coffee","lower","alternating","higher","lower","asymmetric"
"51532fa4519aae70427dfd7eb1587da6","family meals","lower","alternating","higher","lower","asymmetric"
"51532fa4519aae70427dfd7eb1587da6","concerts","equal","alternating","equal","equal","symmetric"
"51532fa4519aae70427dfd7eb1587da6","group project","lower","repeating","higher","higher","asymmetric"
"51532fa4519aae70427dfd7eb1587da6","meeting location","equal","repeating","equal","equal","symmetric"
"51532fa4519aae70427dfd7eb1587da6","gifts","higher","alternating","higher","lower","asymmetric"
"fc54b1d937c09124366b1e46529945b7","gifts","higher","alternating","higher","lower","asymmetric"
"fc54b1d937c09124366b1e46529945b7","coffee","lower","alternating","higher","lower","asymmetric"
"fc54b1d937c09124366b1e46529945b7","meeting prep","higher","alternating","lower","higher","asymmetric"
"fc54b1d937c09124366b1e46529945b7","restaurant","equal","repeating","equal","equal","symmetric"
"fc54b1d937c09124366b1e46529945b7","group project","higher","repeating","higher","higher","asymmetric"
"fc54b1d937c09124366b1e46529945b7","meeting location","equal","alternating","equal","equal","symmetric"
"fc54b1d937c09124366b1e46529945b7","conversation","lower","repeating","higher","higher","asymmetric"
"fc54b1d937c09124366b1e46529945b7","groceries","lower","alternating","higher","lower","asymmetric"
"fc54b1d937c09124366b1e46529945b7","architects","higher","repeating","higher","higher","asymmetric"
"fc54b1d937c09124366b1e46529945b7","feedback","equal","repeating","equal","equal","symmetric"
"fc54b1d937c09124366b1e46529945b7","police","equal","alternating","equal","equal","symmetric"
"fc54b1d937c09124366b1e46529945b7","scheduling","lower","repeating","lower","lower","asymmetric"
"fc54b1d937c09124366b1e46529945b7","weekend","lower","alternating","lower","higher","asymmetric"
"fc54b1d937c09124366b1e46529945b7","family meals","lower","alternating","lower","higher","asymmetric"
"fc54b1d937c09124366b1e46529945b7","housemates","equal","repeating","equal","equal","symmetric"
"fc54b1d937c09124366b1e46529945b7","concerts","equal","alternating","equal","equal","symmetric"
"fc54b1d937c09124366b1e46529945b7","babysitting","higher","repeating","lower","lower","asymmetric"
"cc0f4448fd2386af4c99b2685de55074","police","equal","alternating","equal","equal","symmetric"
"cc0f4448fd2386af4c99b2685de55074","architects","higher","repeating","higher","higher","asymmetric"
"cc0f4448fd2386af4c99b2685de55074","conversation","lower","alternating","higher","lower","asymmetric"
"cc0f4448fd2386af4c99b2685de55074","weekend","equal","repeating","equal","equal","symmetric"
"cc0f4448fd2386af4c99b2685de55074","concerts","lower","repeating","higher","higher","asymmetric"
"cc0f4448fd2386af4c99b2685de55074","gifts","equal","repeating","equal","equal","symmetric"
"cc0f4448fd2386af4c99b2685de55074","restaurant","lower","alternating","lower","higher","asymmetric"
"cc0f4448fd2386af4c99b2685de55074","group project","higher","repeating","higher","higher","asymmetric"
"cc0f4448fd2386af4c99b2685de55074","groceries","higher","repeating","lower","lower","asymmetric"
"cc0f4448fd2386af4c99b2685de55074","meeting prep","equal","alternating","equal","equal","symmetric"
"cc0f4448fd2386af4c99b2685de55074","coffee","higher","repeating","higher","higher","asymmetric"
"cc0f4448fd2386af4c99b2685de55074","family meals","higher","repeating","higher","higher","asymmetric"
"cc0f4448fd2386af4c99b2685de55074","babysitting","higher","repeating","lower","lower","asymmetric"
"cc0f4448fd2386af4c99b2685de55074","housemates","lower","repeating","lower","lower","asymmetric"
"cc0f4448fd2386af4c99b2685de55074","meeting location","lower","repeating","lower","lower","asymmetric"
"cc0f4448fd2386af4c99b2685de55074","feedback","equal","repeating","equal","equal","symmetric"
"cc0f4448fd2386af4c99b2685de55074","scheduling","lower","repeating","lower","lower","asymmetric"
"89504b39eec94a7ae1180c06a281115c","group project","higher","repeating","higher","higher","asymmetric"
"89504b39eec94a7ae1180c06a281115c","police","equal","repeating","equal","equal","symmetric"
"89504b39eec94a7ae1180c06a281115c","gifts","equal","alternating","equal","equal","symmetric"
"89504b39eec94a7ae1180c06a281115c","coffee","higher","repeating","higher","higher","asymmetric"
"89504b39eec94a7ae1180c06a281115c","architects","higher","alternating","higher","lower","asymmetric"
"89504b39eec94a7ae1180c06a281115c","meeting prep","equal","repeating","equal","equal","symmetric"
"89504b39eec94a7ae1180c06a281115c","housemates","lower","alternating","higher","lower","asymmetric"
"89504b39eec94a7ae1180c06a281115c","family meals","higher","repeating","higher","higher","asymmetric"
"89504b39eec94a7ae1180c06a281115c","weekend","equal","alternating","equal","equal","symmetric"
"89504b39eec94a7ae1180c06a281115c","meeting location","lower","repeating","lower","lower","asymmetric"
"89504b39eec94a7ae1180c06a281115c","restaurant","lower","alternating","lower","higher","asymmetric"
"89504b39eec94a7ae1180c06a281115c","groceries","higher","repeating","lower","lower","asymmetric"
"89504b39eec94a7ae1180c06a281115c","conversation","lower","alternating","higher","lower","asymmetric"
"89504b39eec94a7ae1180c06a281115c","babysitting","higher","alternating","lower","higher","asymmetric"
"89504b39eec94a7ae1180c06a281115c","feedback","equal","alternating","equal","equal","symmetric"
"89504b39eec94a7ae1180c06a281115c","concerts","lower","repeating","higher","higher","asymmetric"
"89504b39eec94a7ae1180c06a281115c","scheduling","lower","repeating","lower","lower","asymmetric"
"d9020c5d5812030038a6f308412257c9","family meals","higher","alternating","lower","higher","asymmetric"
"d9020c5d5812030038a6f308412257c9","coffee","higher","alternating","higher","lower","asymmetric"
"d9020c5d5812030038a6f308412257c9","weekend","equal","repeating","equal","equal","symmetric"
"d9020c5d5812030038a6f308412257c9","babysitting","higher","repeating","lower","lower","asymmetric"
"d9020c5d5812030038a6f308412257c9","groceries","higher","alternating","higher","lower","asymmetric"
"d9020c5d5812030038a6f308412257c9","restaurant","lower","alternating","lower","higher","asymmetric"
"d9020c5d5812030038a6f308412257c9","conversation","lower","alternating","higher","lower","asymmetric"
"d9020c5d5812030038a6f308412257c9","group project","higher","repeating","higher","higher","asymmetric"
"d9020c5d5812030038a6f308412257c9","housemates","lower","repeating","lower","lower","asymmetric"
"d9020c5d5812030038a6f308412257c9","gifts","equal","alternating","equal","equal","symmetric"
"d9020c5d5812030038a6f308412257c9","meeting location","lower","repeating","lower","lower","asymmetric"
"d9020c5d5812030038a6f308412257c9","architects","higher","repeating","higher","higher","asymmetric"
"d9020c5d5812030038a6f308412257c9","feedback","equal","repeating","equal","equal","symmetric"
"d9020c5d5812030038a6f308412257c9","police","equal","alternating","equal","equal","symmetric"
"d9020c5d5812030038a6f308412257c9","meeting prep","equal","repeating","equal","equal","symmetric"
"d9020c5d5812030038a6f308412257c9","concerts","lower","alternating","higher","lower","asymmetric"
"d9020c5d5812030038a6f308412257c9","scheduling","lower","repeating","lower","lower","asymmetric"
"6b32911b94914f9a5e6e29880dc863fe","meeting location","equal","alternating","equal","equal","symmetric"
"6b32911b94914f9a5e6e29880dc863fe","police","higher","alternating","lower","higher","asymmetric"
"6b32911b94914f9a5e6e29880dc863fe","groceries","lower","alternating","higher","lower","asymmetric"
"6b32911b94914f9a5e6e29880dc863fe","meeting prep","higher","repeating","higher","higher","asymmetric"
"6b32911b94914f9a5e6e29880dc863fe","weekend","higher","repeating","lower","lower","asymmetric"
"6b32911b94914f9a5e6e29880dc863fe","concerts","equal","repeating","equal","equal","symmetric"
"6b32911b94914f9a5e6e29880dc863fe","conversation","equal","repeating","equal","equal","symmetric"
"6b32911b94914f9a5e6e29880dc863fe","architects","lower","alternating","higher","lower","asymmetric"
"6b32911b94914f9a5e6e29880dc863fe","housemates","equal","alternating","equal","equal","symmetric"
"6b32911b94914f9a5e6e29880dc863fe","scheduling","equal","alternating","equal","equal","symmetric"
"6b32911b94914f9a5e6e29880dc863fe","gifts","higher","repeating","higher","higher","asymmetric"
"6b32911b94914f9a5e6e29880dc863fe","family meals","lower","repeating","higher","higher","asymmetric"
"6b32911b94914f9a5e6e29880dc863fe","group project","lower","alternating","higher","lower","asymmetric"
"6b32911b94914f9a5e6e29880dc863fe","babysitting","lower","repeating","lower","lower","asymmetric"
"6b32911b94914f9a5e6e29880dc863fe","restaurant","equal","repeating","equal","equal","symmetric"
"6b32911b94914f9a5e6e29880dc863fe","coffee","lower","repeating","lower","lower","asymmetric"
"6b32911b94914f9a5e6e29880dc863fe","feedback","higher","repeating","higher","higher","asymmetric"
"a696a704e66299e2941ce3e66e962537","group project","lower","repeating","higher","higher","asymmetric"
"a696a704e66299e2941ce3e66e962537","housemates","equal","repeating","equal","equal","symmetric"
"a696a704e66299e2941ce3e66e962537","meeting prep","higher","repeating","higher","higher","asymmetric"
"a696a704e66299e2941ce3e66e962537","restaurant","equal","alternating","equal","equal","symmetric"
"a696a704e66299e2941ce3e66e962537","groceries","lower","repeating","lower","lower","asymmetric"
"a696a704e66299e2941ce3e66e962537","concerts","equal","alternating","equal","equal","symmetric"
"a696a704e66299e2941ce3e66e962537","scheduling","equal","alternating","equal","equal","symmetric"
"a696a704e66299e2941ce3e66e962537","conversation","equal","repeating","equal","equal","symmetric"
"a696a704e66299e2941ce3e66e962537","feedback","higher","repeating","higher","higher","asymmetric"
"a696a704e66299e2941ce3e66e962537","meeting location","equal","repeating","equal","equal","symmetric"
"a696a704e66299e2941ce3e66e962537","coffee","lower","repeating","lower","lower","asymmetric"
"a696a704e66299e2941ce3e66e962537","gifts","higher","repeating","higher","higher","asymmetric"
"a696a704e66299e2941ce3e66e962537","weekend","higher","repeating","higher","higher","asymmetric"
"a696a704e66299e2941ce3e66e962537","architects","lower","repeating","lower","lower","asymmetric"
"a696a704e66299e2941ce3e66e962537","police","higher","repeating","higher","higher","asymmetric"
"a696a704e66299e2941ce3e66e962537","babysitting","lower","alternating","lower","higher","asymmetric"
"a696a704e66299e2941ce3e66e962537","family meals","lower","alternating","higher","lower","asymmetric"
"68dc7f8bccd575731bd45952e55dcf14","gifts","equal","repeating","equal","equal","symmetric"
"68dc7f8bccd575731bd45952e55dcf14","scheduling","lower","repeating","higher","higher","asymmetric"
"68dc7f8bccd575731bd45952e55dcf14","conversation","lower","alternating","higher","lower","asymmetric"
"68dc7f8bccd575731bd45952e55dcf14","babysitting","higher","alternating","lower","higher","asymmetric"
"68dc7f8bccd575731bd45952e55dcf14","housemates","lower","repeating","lower","lower","asymmetric"
"68dc7f8bccd575731bd45952e55dcf14","architects","higher","repeating","higher","higher","asymmetric"
"68dc7f8bccd575731bd45952e55dcf14","concerts","lower","alternating","higher","lower","asymmetric"
"68dc7f8bccd575731bd45952e55dcf14","feedback","equal","alternating","equal","equal","symmetric"
"68dc7f8bccd575731bd45952e55dcf14","coffee","higher","repeating","higher","higher","asymmetric"
"68dc7f8bccd575731bd45952e55dcf14","meeting location","lower","repeating","lower","lower","asymmetric"
"68dc7f8bccd575731bd45952e55dcf14","groceries","higher","alternating","higher","lower","asymmetric"
"68dc7f8bccd575731bd45952e55dcf14","meeting prep","equal","alternating","equal","equal","symmetric"
"68dc7f8bccd575731bd45952e55dcf14","family meals","higher","alternating","higher","lower","asymmetric"
"68dc7f8bccd575731bd45952e55dcf14","police","equal","alternating","equal","equal","symmetric"
"68dc7f8bccd575731bd45952e55dcf14","group project","higher","repeating","higher","higher","asymmetric"
"68dc7f8bccd575731bd45952e55dcf14","restaurant","lower","repeating","higher","higher","asymmetric"
"68dc7f8bccd575731bd45952e55dcf14","weekend","equal","repeating","equal","equal","symmetric"
"bc9e428d68298b52ed5f3e64aebcb5b8","feedback","equal","repeating","equal","equal","symmetric"
"bc9e428d68298b52ed5f3e64aebcb5b8","conversation","lower","repeating","higher","higher","asymmetric"
"bc9e428d68298b52ed5f3e64aebcb5b8","coffee","lower","alternating","higher","lower","asymmetric"
"bc9e428d68298b52ed5f3e64aebcb5b8","housemates","equal","alternating","equal","equal","symmetric"
"bc9e428d68298b52ed5f3e64aebcb5b8","scheduling","lower","alternating","lower","higher","asymmetric"
"bc9e428d68298b52ed5f3e64aebcb5b8","meeting prep","higher","repeating","higher","higher","asymmetric"
"bc9e428d68298b52ed5f3e64aebcb5b8","family meals","lower","alternating","lower","higher","asymmetric"
"bc9e428d68298b52ed5f3e64aebcb5b8","babysitting","higher","alternating","lower","higher","asymmetric"
"bc9e428d68298b52ed5f3e64aebcb5b8","gifts","higher","repeating","lower","lower","asymmetric"
"bc9e428d68298b52ed5f3e64aebcb5b8","weekend","lower","repeating","higher","higher","asymmetric"
"bc9e428d68298b52ed5f3e64aebcb5b8","restaurant","equal","alternating","equal","equal","symmetric"
"bc9e428d68298b52ed5f3e64aebcb5b8","police","equal","repeating","equal","equal","symmetric"
"bc9e428d68298b52ed5f3e64aebcb5b8","group project","higher","repeating","higher","higher","asymmetric"
"bc9e428d68298b52ed5f3e64aebcb5b8","concerts","equal","repeating","equal","equal","symmetric"
"bc9e428d68298b52ed5f3e64aebcb5b8","architects","higher","alternating","lower","higher","asymmetric"
"bc9e428d68298b52ed5f3e64aebcb5b8","meeting location","equal","repeating","equal","equal","symmetric"
"bc9e428d68298b52ed5f3e64aebcb5b8","groceries","lower","alternating","lower","higher","asymmetric"
"f9f257fae23e2826aa0ad033aaef7d44","housemates","lower","repeating","lower","lower","asymmetric"
"f9f257fae23e2826aa0ad033aaef7d44","coffee","higher","repeating","lower","lower","asymmetric"
"f9f257fae23e2826aa0ad033aaef7d44","babysitting","equal","alternating","equal","equal","symmetric"
"f9f257fae23e2826aa0ad033aaef7d44","scheduling","higher","repeating","lower","lower","asymmetric"
"f9f257fae23e2826aa0ad033aaef7d44","police","lower","repeating","lower","lower","asymmetric"
"f9f257fae23e2826aa0ad033aaef7d44","feedback","lower","repeating","higher","higher","asymmetric"
"f9f257fae23e2826aa0ad033aaef7d44","architects","equal","repeating","equal","equal","symmetric"
"f9f257fae23e2826aa0ad033aaef7d44","meeting location","lower","repeating","lower","lower","asymmetric"
"f9f257fae23e2826aa0ad033aaef7d44","concerts","lower","repeating","lower","lower","asymmetric"
"f9f257fae23e2826aa0ad033aaef7d44","groceries","higher","repeating","lower","lower","asymmetric"
"f9f257fae23e2826aa0ad033aaef7d44","conversation","higher","repeating","higher","higher","asymmetric"
"f9f257fae23e2826aa0ad033aaef7d44","family meals","higher","repeating","lower","lower","asymmetric"
"f9f257fae23e2826aa0ad033aaef7d44","meeting prep","equal","alternating","equal","equal","symmetric"
"f9f257fae23e2826aa0ad033aaef7d44","group project","equal","repeating","equal","equal","symmetric"
"f9f257fae23e2826aa0ad033aaef7d44","restaurant","lower","alternating","lower","higher","asymmetric"
"f9f257fae23e2826aa0ad033aaef7d44","gifts","equal","alternating","equal","equal","symmetric"
"f9f257fae23e2826aa0ad033aaef7d44","weekend","higher","repeating","lower","lower","asymmetric"
"cea6d89c1e3c5d3357fa79f74bbdb6d4","housemates","lower","repeating","lower","lower","asymmetric"
"cea6d89c1e3c5d3357fa79f74bbdb6d4","scheduling","higher","repeating","lower","lower","asymmetric"
"cea6d89c1e3c5d3357fa79f74bbdb6d4","architects","equal","alternating","equal","equal","symmetric"
"cea6d89c1e3c5d3357fa79f74bbdb6d4","conversation","higher","repeating","higher","higher","asymmetric"
"cea6d89c1e3c5d3357fa79f74bbdb6d4","weekend","higher","alternating","lower","higher","asymmetric"
"cea6d89c1e3c5d3357fa79f74bbdb6d4","family meals","higher","repeating","higher","higher","asymmetric"
"cea6d89c1e3c5d3357fa79f74bbdb6d4","police","lower","repeating","lower","lower","asymmetric"
"cea6d89c1e3c5d3357fa79f74bbdb6d4","groceries","higher","alternating","lower","higher","asymmetric"
"cea6d89c1e3c5d3357fa79f74bbdb6d4","gifts","equal","alternating","equal","equal","symmetric"
"cea6d89c1e3c5d3357fa79f74bbdb6d4","restaurant","lower","repeating","lower","lower","asymmetric"
"cea6d89c1e3c5d3357fa79f74bbdb6d4","group project","equal","repeating","equal","equal","symmetric"
"cea6d89c1e3c5d3357fa79f74bbdb6d4","meeting prep","equal","alternating","equal","equal","symmetric"
"cea6d89c1e3c5d3357fa79f74bbdb6d4","coffee","higher","repeating","higher","higher","asymmetric"
"cea6d89c1e3c5d3357fa79f74bbdb6d4","meeting location","lower","repeating","lower","lower","asymmetric"
"cea6d89c1e3c5d3357fa79f74bbdb6d4","babysitting","equal","alternating","equal","equal","symmetric"
"cea6d89c1e3c5d3357fa79f74bbdb6d4","concerts","lower","repeating","higher","higher","asymmetric"
"cea6d89c1e3c5d3357fa79f74bbdb6d4","feedback","lower","repeating","lower","lower","asymmetric"
"bf475e3642199c11509f1a3576e605f1","housemates","lower","alternating","higher","lower","asymmetric"
"bf475e3642199c11509f1a3576e605f1","scheduling","higher","alternating","lower","higher","asymmetric"
"bf475e3642199c11509f1a3576e605f1","feedback","lower","repeating","lower","lower","asymmetric"
"bf475e3642199c11509f1a3576e605f1","weekend","higher","repeating","lower","lower","asymmetric"
"bf475e3642199c11509f1a3576e605f1","meeting prep","equal","repeating","equal","equal","symmetric"
"bf475e3642199c11509f1a3576e605f1","concerts","lower","alternating","lower","higher","asymmetric"
"bf475e3642199c11509f1a3576e605f1","family meals","higher","repeating","higher","higher","asymmetric"
"bf475e3642199c11509f1a3576e605f1","gifts","equal","repeating","equal","equal","symmetric"
"bf475e3642199c11509f1a3576e605f1","architects","equal","repeating","equal","equal","symmetric"
"bf475e3642199c11509f1a3576e605f1","conversation","higher","alternating","lower","higher","asymmetric"
"bf475e3642199c11509f1a3576e605f1","group project","equal","alternating","equal","equal","symmetric"
"bf475e3642199c11509f1a3576e605f1","police","lower","alternating","higher","lower","asymmetric"
"bf475e3642199c11509f1a3576e605f1","coffee","higher","alternating","lower","higher","asymmetric"
"bf475e3642199c11509f1a3576e605f1","babysitting","equal","repeating","equal","equal","symmetric"
"bf475e3642199c11509f1a3576e605f1","restaurant","lower","alternating","lower","higher","asymmetric"
"bf475e3642199c11509f1a3576e605f1","groceries","higher","alternating","lower","higher","asymmetric"
"bf475e3642199c11509f1a3576e605f1","meeting location","lower","alternating","higher","lower","asymmetric"
"1138b7744f921727c6ebcdd2ab827845","conversation","higher","repeating","lower","lower","asymmetric"
"1138b7744f921727c6ebcdd2ab827845","weekend","lower","repeating","lower","lower","asymmetric"
"1138b7744f921727c6ebcdd2ab827845","groceries","equal","alternating","equal","equal","symmetric"
"1138b7744f921727c6ebcdd2ab827845","scheduling","higher","alternating","lower","higher","asymmetric"
"1138b7744f921727c6ebcdd2ab827845","meeting location","higher","alternating","lower","higher","asymmetric"
"1138b7744f921727c6ebcdd2ab827845","architects","equal","repeating","equal","equal","symmetric"
"1138b7744f921727c6ebcdd2ab827845","restaurant","higher","repeating","lower","lower","asymmetric"
"1138b7744f921727c6ebcdd2ab827845","housemates","higher","alternating","lower","higher","asymmetric"
"1138b7744f921727c6ebcdd2ab827845","family meals","equal","alternating","equal","equal","symmetric"
"1138b7744f921727c6ebcdd2ab827845","police","lower","repeating","lower","lower","asymmetric"
"1138b7744f921727c6ebcdd2ab827845","coffee","equal","repeating","equal","equal","symmetric"
"1138b7744f921727c6ebcdd2ab827845","concerts","higher","repeating","higher","higher","asymmetric"
"1138b7744f921727c6ebcdd2ab827845","group project","equal","alternating","equal","equal","symmetric"
"1138b7744f921727c6ebcdd2ab827845","babysitting","equal","repeating","equal","equal","symmetric"
"1138b7744f921727c6ebcdd2ab827845","feedback","lower","alternating","higher","lower","asymmetric"
"1138b7744f921727c6ebcdd2ab827845","meeting prep","lower","repeating","lower","lower","asymmetric"
"1138b7744f921727c6ebcdd2ab827845","gifts","lower","repeating","higher","higher","asymmetric"
"4c9d1fa408d25c02684bd4b15793688b","housemates","equal","repeating","equal","equal","symmetric"
"4c9d1fa408d25c02684bd4b15793688b","police","equal","repeating","equal","equal","symmetric"
"4c9d1fa408d25c02684bd4b15793688b","meeting location","equal","repeating","equal","equal","symmetric"
"4c9d1fa408d25c02684bd4b15793688b","scheduling","lower","repeating","lower","lower","asymmetric"
"4c9d1fa408d25c02684bd4b15793688b","coffee","lower","alternating","higher","lower","asymmetric"
"4c9d1fa408d25c02684bd4b15793688b","conversation","lower","alternating","higher","lower","asymmetric"
"4c9d1fa408d25c02684bd4b15793688b","group project","higher","repeating","higher","higher","asymmetric"
"4c9d1fa408d25c02684bd4b15793688b","weekend","lower","repeating","lower","lower","asymmetric"
"4c9d1fa408d25c02684bd4b15793688b","groceries","lower","alternating","higher","lower","asymmetric"
"4c9d1fa408d25c02684bd4b15793688b","restaurant","equal","alternating","equal","equal","symmetric"
"4c9d1fa408d25c02684bd4b15793688b","meeting prep","higher","repeating","higher","higher","asymmetric"
"4c9d1fa408d25c02684bd4b15793688b","family meals","lower","alternating","higher","lower","asymmetric"
"4c9d1fa408d25c02684bd4b15793688b","architects","higher","repeating","higher","higher","asymmetric"
"4c9d1fa408d25c02684bd4b15793688b","feedback","equal","alternating","equal","equal","symmetric"
"4c9d1fa408d25c02684bd4b15793688b","gifts","higher","repeating","higher","higher","asymmetric"
"4c9d1fa408d25c02684bd4b15793688b","babysitting","higher","alternating","lower","higher","asymmetric"
"4c9d1fa408d25c02684bd4b15793688b","concerts","equal","repeating","equal","equal","symmetric"
"6d2760fc382c5579bc11b56d3c00aff5","conversation","equal","alternating","equal","equal","symmetric"
"6d2760fc382c5579bc11b56d3c00aff5","meeting prep","lower","alternating","higher","lower","asymmetric"
"6d2760fc382c5579bc11b56d3c00aff5","concerts","higher","alternating","lower","higher","asymmetric"
"6d2760fc382c5579bc11b56d3c00aff5","scheduling","equal","alternating","equal","equal","symmetric"
"6d2760fc382c5579bc11b56d3c00aff5","police","higher","repeating","lower","lower","asymmetric"
"6d2760fc382c5579bc11b56d3c00aff5","group project","lower","alternating","higher","lower","asymmetric"
"6d2760fc382c5579bc11b56d3c00aff5","restaurant","higher","repeating","lower","lower","asymmetric"
"6d2760fc382c5579bc11b56d3c00aff5","babysitting","lower","repeating","lower","lower","asymmetric"
"6d2760fc382c5579bc11b56d3c00aff5","weekend","equal","alternating","equal","equal","symmetric"
"6d2760fc382c5579bc11b56d3c00aff5","groceries","equal","alternating","equal","equal","symmetric"
"6d2760fc382c5579bc11b56d3c00aff5","meeting location","higher","alternating","higher","lower","asymmetric"
"6d2760fc382c5579bc11b56d3c00aff5","coffee","equal","alternating","equal","equal","symmetric"
"6d2760fc382c5579bc11b56d3c00aff5","gifts","lower","repeating","higher","higher","asymmetric"
"6d2760fc382c5579bc11b56d3c00aff5","housemates","higher","alternating","lower","higher","asymmetric"
"6d2760fc382c5579bc11b56d3c00aff5","family meals","equal","alternating","equal","equal","symmetric"
"6d2760fc382c5579bc11b56d3c00aff5","architects","lower","alternating","lower","higher","asymmetric"
"6d2760fc382c5579bc11b56d3c00aff5","feedback","higher","repeating","higher","higher","asymmetric"
"ce3f16170aa604dee81ba1246e53602e","scheduling","lower","repeating","lower","lower","asymmetric"
"ce3f16170aa604dee81ba1246e53602e","architects","higher","alternating","lower","higher","asymmetric"
"ce3f16170aa604dee81ba1246e53602e","gifts","equal","alternating","equal","equal","symmetric"
"ce3f16170aa604dee81ba1246e53602e","babysitting","higher","repeating","lower","lower","asymmetric"
"ce3f16170aa604dee81ba1246e53602e","meeting prep","equal","repeating","equal","equal","symmetric"
"ce3f16170aa604dee81ba1246e53602e","weekend","equal","repeating","equal","equal","symmetric"
"ce3f16170aa604dee81ba1246e53602e","feedback","equal","alternating","equal","equal","symmetric"
"ce3f16170aa604dee81ba1246e53602e","housemates","lower","repeating","lower","lower","asymmetric"
"ce3f16170aa604dee81ba1246e53602e","restaurant","lower","repeating","lower","lower","asymmetric"
"ce3f16170aa604dee81ba1246e53602e","conversation","lower","alternating","higher","lower","asymmetric"
"ce3f16170aa604dee81ba1246e53602e","police","equal","alternating","equal","equal","symmetric"
"ce3f16170aa604dee81ba1246e53602e","groceries","higher","alternating","lower","higher","asymmetric"
"ce3f16170aa604dee81ba1246e53602e","family meals","higher","repeating","higher","higher","asymmetric"
"ce3f16170aa604dee81ba1246e53602e","group project","higher","repeating","higher","higher","asymmetric"
"ce3f16170aa604dee81ba1246e53602e","concerts","lower","repeating","higher","higher","asymmetric"
"ce3f16170aa604dee81ba1246e53602e","coffee","higher","alternating","higher","lower","asymmetric"
"ce3f16170aa604dee81ba1246e53602e","meeting location","lower","repeating","lower","lower","asymmetric"
"ef349ec7e7fa13d3a5967de4535238ae","architects","equal","alternating","equal","equal","symmetric"
"ef349ec7e7fa13d3a5967de4535238ae","scheduling","higher","repeating","lower","lower","asymmetric"
"ef349ec7e7fa13d3a5967de4535238ae","meeting prep","lower","alternating","higher","lower","asymmetric"
"ef349ec7e7fa13d3a5967de4535238ae","housemates","higher","alternating","lower","higher","asymmetric"
"ef349ec7e7fa13d3a5967de4535238ae","group project","equal","repeating","equal","equal","symmetric"
"ef349ec7e7fa13d3a5967de4535238ae","coffee","equal","alternating","equal","equal","symmetric"
"ef349ec7e7fa13d3a5967de4535238ae","weekend","lower","repeating","lower","lower","asymmetric"
"ef349ec7e7fa13d3a5967de4535238ae","feedback","lower","repeating","higher","higher","asymmetric"
"ef349ec7e7fa13d3a5967de4535238ae","restaurant","higher","alternating","higher","lower","asymmetric"
"ef349ec7e7fa13d3a5967de4535238ae","family meals","equal","repeating","equal","equal","symmetric"
"ef349ec7e7fa13d3a5967de4535238ae","groceries","equal","repeating","equal","equal","symmetric"
"ef349ec7e7fa13d3a5967de4535238ae","babysitting","equal","alternating","equal","equal","symmetric"
"ef349ec7e7fa13d3a5967de4535238ae","conversation","higher","repeating","higher","higher","asymmetric"
"ef349ec7e7fa13d3a5967de4535238ae","police","lower","repeating","lower","lower","asymmetric"
"ef349ec7e7fa13d3a5967de4535238ae","gifts","lower","repeating","lower","lower","asymmetric"
"ef349ec7e7fa13d3a5967de4535238ae","meeting location","higher","repeating","lower","lower","asymmetric"
"ef349ec7e7fa13d3a5967de4535238ae","concerts","higher","repeating","higher","higher","asymmetric"
"0ed3cb686433d35548d02e268352340c","family meals","higher","repeating","higher","higher","asymmetric"
"0ed3cb686433d35548d02e268352340c","architects","equal","alternating","equal","equal","symmetric"
"0ed3cb686433d35548d02e268352340c","gifts","equal","repeating","equal","equal","symmetric"
"0ed3cb686433d35548d02e268352340c","restaurant","lower","alternating","lower","higher","asymmetric"
"0ed3cb686433d35548d02e268352340c","scheduling","higher","alternating","lower","higher","asymmetric"
"0ed3cb686433d35548d02e268352340c","police","lower","repeating","lower","lower","asymmetric"
"0ed3cb686433d35548d02e268352340c","group project","equal","alternating","equal","equal","symmetric"
"0ed3cb686433d35548d02e268352340c","conversation","higher","repeating","higher","higher","asymmetric"
"0ed3cb686433d35548d02e268352340c","babysitting","equal","repeating","equal","equal","symmetric"
"0ed3cb686433d35548d02e268352340c","housemates","lower","repeating","lower","lower","asymmetric"
"0ed3cb686433d35548d02e268352340c","feedback","lower","repeating","higher","higher","asymmetric"
"0ed3cb686433d35548d02e268352340c","meeting prep","equal","repeating","equal","equal","symmetric"
"0ed3cb686433d35548d02e268352340c","coffee","higher","repeating","higher","higher","asymmetric"
"0ed3cb686433d35548d02e268352340c","meeting location","lower","repeating","lower","lower","asymmetric"
"0ed3cb686433d35548d02e268352340c","groceries","higher","alternating","lower","higher","asymmetric"
"0ed3cb686433d35548d02e268352340c","weekend","higher","repeating","higher","higher","asymmetric"
"0ed3cb686433d35548d02e268352340c","concerts","lower","repeating","higher","higher","asymmetric"
"da5c63977fe5461c868814092c90ad57","meeting prep","higher","alternating","lower","higher","asymmetric"
"da5c63977fe5461c868814092c90ad57","coffee","lower","alternating","higher","lower","asymmetric"
"da5c63977fe5461c868814092c90ad57","restaurant","equal","alternating","equal","equal","symmetric"
"da5c63977fe5461c868814092c90ad57","concerts","equal","alternating","equal","equal","symmetric"
"da5c63977fe5461c868814092c90ad57","scheduling","equal","alternating","equal","equal","symmetric"
"da5c63977fe5461c868814092c90ad57","group project","lower","alternating","higher","lower","asymmetric"
"da5c63977fe5461c868814092c90ad57","meeting location","equal","repeating","equal","equal","symmetric"
"da5c63977fe5461c868814092c90ad57","weekend","higher","alternating","higher","lower","asymmetric"
"da5c63977fe5461c868814092c90ad57","conversation","equal","alternating","equal","equal","symmetric"
"da5c63977fe5461c868814092c90ad57","feedback","higher","repeating","higher","higher","asymmetric"
"da5c63977fe5461c868814092c90ad57","housemates","equal","alternating","equal","equal","symmetric"
"da5c63977fe5461c868814092c90ad57","architects","lower","repeating","lower","lower","asymmetric"
"da5c63977fe5461c868814092c90ad57","police","higher","alternating","lower","higher","asymmetric"
"da5c63977fe5461c868814092c90ad57","family meals","lower","alternating","higher","lower","asymmetric"
"da5c63977fe5461c868814092c90ad57","gifts","higher","alternating","lower","higher","asymmetric"
"da5c63977fe5461c868814092c90ad57","groceries","lower","alternating","higher","lower","asymmetric"
"da5c63977fe5461c868814092c90ad57","babysitting","lower","repeating","lower","lower","asymmetric"
"2d752c1a602a475ee2bbcffbdde925d1","housemates","higher","repeating","higher","higher","asymmetric"
"2d752c1a602a475ee2bbcffbdde925d1","restaurant","higher","repeating","lower","lower","asymmetric"
"2d752c1a602a475ee2bbcffbdde925d1","concerts","higher","alternating","higher","lower","asymmetric"
"2d752c1a602a475ee2bbcffbdde925d1","police","lower","repeating","lower","lower","asymmetric"
"2d752c1a602a475ee2bbcffbdde925d1","weekend","lower","alternating","higher","lower","asymmetric"
"2d752c1a602a475ee2bbcffbdde925d1","architects","equal","repeating","equal","equal","symmetric"
"2d752c1a602a475ee2bbcffbdde925d1","coffee","equal","alternating","equal","equal","symmetric"
"2d752c1a602a475ee2bbcffbdde925d1","meeting location","higher","repeating","lower","lower","asymmetric"
"2d752c1a602a475ee2bbcffbdde925d1","babysitting","equal","repeating","equal","equal","symmetric"
"2d752c1a602a475ee2bbcffbdde925d1","family meals","equal","repeating","equal","equal","symmetric"
"2d752c1a602a475ee2bbcffbdde925d1","feedback","lower","repeating","higher","higher","asymmetric"
"2d752c1a602a475ee2bbcffbdde925d1","meeting prep","lower","repeating","higher","higher","asymmetric"
"2d752c1a602a475ee2bbcffbdde925d1","conversation","higher","alternating","higher","lower","asymmetric"
"2d752c1a602a475ee2bbcffbdde925d1","gifts","lower","repeating","higher","higher","asymmetric"
"2d752c1a602a475ee2bbcffbdde925d1","groceries","equal","alternating","equal","equal","symmetric"
"2d752c1a602a475ee2bbcffbdde925d1","group project","equal","repeating","equal","equal","symmetric"
"2d752c1a602a475ee2bbcffbdde925d1","scheduling","higher","repeating","higher","higher","asymmetric"
"0d4deaaace62d9617e50b89720c6521f","meeting location","lower","alternating","lower","higher","asymmetric"
"0d4deaaace62d9617e50b89720c6521f","feedback","lower","repeating","higher","higher","asymmetric"
"0d4deaaace62d9617e50b89720c6521f","restaurant","lower","repeating","lower","lower","asymmetric"
"0d4deaaace62d9617e50b89720c6521f","architects","equal","alternating","equal","equal","symmetric"
"0d4deaaace62d9617e50b89720c6521f","police","lower","alternating","higher","lower","asymmetric"
"0d4deaaace62d9617e50b89720c6521f","meeting prep","equal","repeating","equal","equal","symmetric"
"0d4deaaace62d9617e50b89720c6521f","groceries","higher","repeating","lower","lower","asymmetric"
"0d4deaaace62d9617e50b89720c6521f","weekend","higher","repeating","lower","lower","asymmetric"
"0d4deaaace62d9617e50b89720c6521f","concerts","lower","repeating","higher","higher","asymmetric"
"0d4deaaace62d9617e50b89720c6521f","group project","equal","alternating","equal","equal","symmetric"
"0d4deaaace62d9617e50b89720c6521f","conversation","higher","alternating","higher","lower","asymmetric"
"0d4deaaace62d9617e50b89720c6521f","coffee","higher","alternating","higher","lower","asymmetric"
"0d4deaaace62d9617e50b89720c6521f","gifts","equal","alternating","equal","equal","symmetric"
"0d4deaaace62d9617e50b89720c6521f","family meals","higher","alternating","higher","lower","asymmetric"
"0d4deaaace62d9617e50b89720c6521f","scheduling","higher","repeating","lower","lower","asymmetric"
"0d4deaaace62d9617e50b89720c6521f","babysitting","equal","repeating","equal","equal","symmetric"
"0d4deaaace62d9617e50b89720c6521f","housemates","lower","alternating","lower","higher","asymmetric"
"b93ca1c798f188a466494855066ce816","group project","lower","alternating","higher","lower","asymmetric"
"b93ca1c798f188a466494855066ce816","weekend","equal","repeating","equal","equal","symmetric"
"b93ca1c798f188a466494855066ce816","feedback","higher","repeating","lower","lower","asymmetric"
"b93ca1c798f188a466494855066ce816","coffee","equal","alternating","equal","equal","symmetric"
"b93ca1c798f188a466494855066ce816","meeting location","higher","alternating","higher","lower","asymmetric"
"b93ca1c798f188a466494855066ce816","housemates","higher","repeating","higher","higher","asymmetric"
"b93ca1c798f188a466494855066ce816","babysitting","lower","repeating","higher","higher","asymmetric"
"b93ca1c798f188a466494855066ce816","family meals","equal","alternating","equal","equal","symmetric"
"b93ca1c798f188a466494855066ce816","police","higher","repeating","higher","higher","asymmetric"
"b93ca1c798f188a466494855066ce816","conversation","equal","repeating","equal","equal","symmetric"
"b93ca1c798f188a466494855066ce816","meeting prep","lower","repeating","lower","lower","asymmetric"
"b93ca1c798f188a466494855066ce816","gifts","lower","repeating","higher","higher","asymmetric"
"b93ca1c798f188a466494855066ce816","architects","lower","alternating","higher","lower","asymmetric"
"b93ca1c798f188a466494855066ce816","restaurant","higher","repeating","lower","lower","asymmetric"
"b93ca1c798f188a466494855066ce816","concerts","higher","repeating","higher","higher","asymmetric"
"b93ca1c798f188a466494855066ce816","scheduling","equal","alternating","equal","equal","symmetric"
"b93ca1c798f188a466494855066ce816","groceries","equal","repeating","equal","equal","symmetric"
"36dc12c696d9316f6f4f5e955d547e6b","meeting prep","lower","repeating","lower","lower","asymmetric"
"36dc12c696d9316f6f4f5e955d547e6b","scheduling","equal","alternating","equal","equal","symmetric"
"36dc12c696d9316f6f4f5e955d547e6b","feedback","higher","repeating","higher","higher","asymmetric"
"36dc12c696d9316f6f4f5e955d547e6b","conversation","equal","repeating","equal","equal","symmetric"
"36dc12c696d9316f6f4f5e955d547e6b","coffee","equal","repeating","equal","equal","symmetric"
"36dc12c696d9316f6f4f5e955d547e6b","police","higher","alternating","lower","higher","asymmetric"
"36dc12c696d9316f6f4f5e955d547e6b","group project","lower","alternating","higher","lower","asymmetric"
"36dc12c696d9316f6f4f5e955d547e6b","family meals","equal","alternating","equal","equal","symmetric"
"36dc12c696d9316f6f4f5e955d547e6b","concerts","higher","alternating","higher","lower","asymmetric"
"36dc12c696d9316f6f4f5e955d547e6b","gifts","lower","repeating","higher","higher","asymmetric"
"36dc12c696d9316f6f4f5e955d547e6b","restaurant","higher","repeating","higher","higher","asymmetric"
"36dc12c696d9316f6f4f5e955d547e6b","groceries","equal","repeating","equal","equal","symmetric"
"36dc12c696d9316f6f4f5e955d547e6b","babysitting","lower","alternating","lower","higher","asymmetric"
"36dc12c696d9316f6f4f5e955d547e6b","housemates","higher","repeating","higher","higher","asymmetric"
"36dc12c696d9316f6f4f5e955d547e6b","meeting location","higher","alternating","higher","lower","asymmetric"
"36dc12c696d9316f6f4f5e955d547e6b","weekend","equal","repeating","equal","equal","symmetric"
"36dc12c696d9316f6f4f5e955d547e6b","architects","lower","alternating","lower","higher","asymmetric"
"cdd4d726d37c3ef62285d82541873d29","coffee","equal","repeating","equal","equal","symmetric"
"cdd4d726d37c3ef62285d82541873d29","group project","equal","repeating","equal","equal","symmetric"
"cdd4d726d37c3ef62285d82541873d29","conversation","higher","repeating","higher","higher","asymmetric"
"cdd4d726d37c3ef62285d82541873d29","meeting prep","lower","alternating","higher","lower","asymmetric"
"cdd4d726d37c3ef62285d82541873d29","groceries","equal","alternating","equal","equal","symmetric"
"cdd4d726d37c3ef62285d82541873d29","architects","equal","alternating","equal","equal","symmetric"
"cdd4d726d37c3ef62285d82541873d29","concerts","higher","alternating","higher","lower","asymmetric"
"cdd4d726d37c3ef62285d82541873d29","feedback","lower","repeating","higher","higher","asymmetric"
"cdd4d726d37c3ef62285d82541873d29","babysitting","equal","alternating","equal","equal","symmetric"
"cdd4d726d37c3ef62285d82541873d29","housemates","higher","alternating","lower","higher","asymmetric"
"cdd4d726d37c3ef62285d82541873d29","meeting location","higher","alternating","lower","higher","asymmetric"
"cdd4d726d37c3ef62285d82541873d29","police","lower","repeating","lower","lower","asymmetric"
"cdd4d726d37c3ef62285d82541873d29","weekend","lower","alternating","higher","lower","asymmetric"
"cdd4d726d37c3ef62285d82541873d29","gifts","lower","alternating","higher","lower","asymmetric"
"cdd4d726d37c3ef62285d82541873d29","scheduling","higher","alternating","lower","higher","asymmetric"
"cdd4d726d37c3ef62285d82541873d29","restaurant","higher","repeating","lower","lower","asymmetric"
"cdd4d726d37c3ef62285d82541873d29","family meals","equal","alternating","equal","equal","symmetric"
"3d2dd7a7e273b1cadaff4a6e8b67eed0","gifts","higher","repeating","higher","higher","asymmetric"
"3d2dd7a7e273b1cadaff4a6e8b67eed0","architects","lower","repeating","lower","lower","asymmetric"
"3d2dd7a7e273b1cadaff4a6e8b67eed0","feedback","higher","repeating","higher","higher","asymmetric"
"3d2dd7a7e273b1cadaff4a6e8b67eed0","housemates","equal","alternating","equal","equal","symmetric"
"3d2dd7a7e273b1cadaff4a6e8b67eed0","meeting prep","higher","repeating","higher","higher","asymmetric"
"3d2dd7a7e273b1cadaff4a6e8b67eed0","babysitting","lower","repeating","lower","lower","asymmetric"
"3d2dd7a7e273b1cadaff4a6e8b67eed0","groceries","lower","repeating","lower","lower","asymmetric"
"3d2dd7a7e273b1cadaff4a6e8b67eed0","police","higher","alternating","lower","higher","asymmetric"
"3d2dd7a7e273b1cadaff4a6e8b67eed0","coffee","lower","alternating","higher","lower","asymmetric"
"3d2dd7a7e273b1cadaff4a6e8b67eed0","restaurant","equal","alternating","equal","equal","symmetric"
"3d2dd7a7e273b1cadaff4a6e8b67eed0","weekend","higher","repeating","higher","higher","asymmetric"
"3d2dd7a7e273b1cadaff4a6e8b67eed0","meeting location","equal","alternating","equal","equal","symmetric"
"3d2dd7a7e273b1cadaff4a6e8b67eed0","family meals","lower","alternating","higher","lower","asymmetric"
"3d2dd7a7e273b1cadaff4a6e8b67eed0","scheduling","equal","alternating","equal","equal","symmetric"
"3d2dd7a7e273b1cadaff4a6e8b67eed0","conversation","equal","alternating","equal","equal","symmetric"
"3d2dd7a7e273b1cadaff4a6e8b67eed0","concerts","equal","alternating","equal","equal","symmetric"
"3d2dd7a7e273b1cadaff4a6e8b67eed0","group project","lower","alternating","higher","lower","asymmetric"
