subject_id,story,social_interaction,more,equal,less,understood,pass_attention
55a430ddfdf99b02ff6caf22,conversation,precedent,2,3,4,yes,True
55a430ddfdf99b02ff6caf22,groceries,no_interaction,3,5,3,yes,True
55a430ddfdf99b02ff6caf22,restaurant,reciprocity,3,5,3,yes,True
55a430ddfdf99b02ff6caf22,coffee,reciprocity,3,5,3,yes,True
55a430ddfdf99b02ff6caf22,group project,no_interaction,3,5,3,yes,True
55a430ddfdf99b02ff6caf22,meeting location,reciprocity,3,4,3,yes,True
55a430ddfdf99b02ff6caf22,feedback,precedent,4,4,3,yes,True
55a430ddfdf99b02ff6caf22,police,precedent,2,3,4,yes,True
55a430ddfdf99b02ff6caf22,scheduling,no_interaction,2,3,4,yes,True
55a430ddfdf99b02ff6caf22,housemates,no_interaction,3,5,3,yes,True
55a430ddfdf99b02ff6caf22,babysitting,precedent,2,3,4,yes,True
55a430ddfdf99b02ff6caf22,family meals,precedent,1,2,4,yes,True
55a430ddfdf99b02ff6caf22,gifts,reciprocity,3,5,3,yes,True
55a430ddfdf99b02ff6caf22,architects,precedent,3,4,3,yes,True
55a430ddfdf99b02ff6caf22,concerts,no_interaction,3,5,3,yes,True
55a430ddfdf99b02ff6caf22,meeting prep,reciprocity,2,4,2,yes,True
55a430ddfdf99b02ff6caf22,weekend,reciprocity,2,3,4,yes,True
55a430ddfdf99b02ff6caf22,fundraising,no_interaction,2,5,2,yes,True
55a5f1e8fdf99b28b5340d01,meeting location,precedent,0,2,5,yes,True
55a5f1e8fdf99b28b5340d01,coffee,no_interaction,3,4,3,yes,True
55a5f1e8fdf99b28b5340d01,groceries,reciprocity,2,6,2,yes,True
55a5f1e8fdf99b28b5340d01,family meals,precedent,2,2,5,yes,True
55a5f1e8fdf99b28b5340d01,group project,reciprocity,1,6,1,yes,True
55a5f1e8fdf99b28b5340d01,concerts,precedent,5,2,1,yes,True
55a5f1e8fdf99b28b5340d01,conversation,no_interaction,1,5,1,yes,True
55a5f1e8fdf99b28b5340d01,feedback,precedent,5,4,1,yes,True
55a5f1e8fdf99b28b5340d01,police,precedent,0,1,6,yes,True
55a5f1e8fdf99b28b5340d01,fundraising,no_interaction,0,6,0,yes,True
55a5f1e8fdf99b28b5340d01,babysitting,no_interaction,2,4,2,yes,True
55a5f1e8fdf99b28b5340d01,gifts,no_interaction,1,5,1,yes,True
55a5f1e8fdf99b28b5340d01,architects,precedent,4,4,2,yes,True
55a5f1e8fdf99b28b5340d01,meeting prep,reciprocity,1,5,1,yes,True
55a5f1e8fdf99b28b5340d01,scheduling,reciprocity,1,6,1,yes,True
55a5f1e8fdf99b28b5340d01,weekend,reciprocity,1,5,1,yes,True
55a5f1e8fdf99b28b5340d01,housemates,no_interaction,0,6,0,yes,True
55a5f1e8fdf99b28b5340d01,restaurant,reciprocity,1,5,1,yes,True
55b6a2e5fdf99b350d57360e,coffee,no_interaction,2,5,2,yes,True
55b6a2e5fdf99b350d57360e,gifts,no_interaction,2,4,2,yes,True
55b6a2e5fdf99b350d57360e,concerts,precedent,4,2,2,yes,True
55b6a2e5fdf99b350d57360e,conversation,no_interaction,1,5,1,yes,True
55b6a2e5fdf99b350d57360e,fundraising,no_interaction,3,5,3,yes,True
55b6a2e5fdf99b350d57360e,meeting prep,reciprocity,1,5,1,yes,True
55b6a2e5fdf99b350d57360e,meeting location,reciprocity,2,5,2,yes,True
55b6a2e5fdf99b350d57360e,group project,reciprocity,2,5,2,yes,True
55b6a2e5fdf99b350d57360e,restaurant,reciprocity,1,5,1,yes,True
55b6a2e5fdf99b350d57360e,scheduling,no_interaction,3,3,3,yes,True
55b6a2e5fdf99b350d57360e,weekend,reciprocity,1,5,1,yes,True
55b6a2e5fdf99b350d57360e,police,precedent,1,1,5,yes,True
55b6a2e5fdf99b350d57360e,babysitting,no_interaction,1,5,1,yes,True
55b6a2e5fdf99b350d57360e,housemates,precedent,2,2,4,yes,True
55b6a2e5fdf99b350d57360e,feedback,precedent,4,2,2,yes,True
55b6a2e5fdf99b350d57360e,groceries,reciprocity,1,5,1,yes,True
55b6a2e5fdf99b350d57360e,architects,precedent,3,4,3,yes,True
55b6a2e5fdf99b350d57360e,family meals,precedent,4,2,2,yes,True
570fa0905edc8f000fe73c4a,fundraising,reciprocity,1,5,1,yes,True
570fa0905edc8f000fe73c4a,meeting location,reciprocity,1,5,1,yes,True
570fa0905edc8f000fe73c4a,coffee,precedent,4,5,2,yes,True
570fa0905edc8f000fe73c4a,conversation,no_interaction,3,5,3,yes,True
570fa0905edc8f000fe73c4a,meeting prep,precedent,5,3,1,yes,True
570fa0905edc8f000fe73c4a,group project,no_interaction,1,5,1,yes,True
570fa0905edc8f000fe73c4a,groceries,reciprocity,1,5,1,yes,True
570fa0905edc8f000fe73c4a,scheduling,no_interaction,1,3,1,yes,True
570fa0905edc8f000fe73c4a,police,precedent,5,4,1,yes,True
570fa0905edc8f000fe73c4a,housemates,no_interaction,2,4,2,yes,True
570fa0905edc8f000fe73c4a,concerts,no_interaction,1,3,1,yes,True
570fa0905edc8f000fe73c4a,gifts,reciprocity,1,5,1,yes,True
570fa0905edc8f000fe73c4a,architects,precedent,3,4,2,yes,True
570fa0905edc8f000fe73c4a,restaurant,reciprocity,1,5,1,yes,True
570fa0905edc8f000fe73c4a,feedback,precedent,1,4,1,yes,True
570fa0905edc8f000fe73c4a,babysitting,no_interaction,1,5,1,yes,True
570fa0905edc8f000fe73c4a,weekend,reciprocity,1,5,1,yes,True
570fa0905edc8f000fe73c4a,family meals,precedent,5,4,1,yes,True
57445a313fdc690010095688,police,reciprocity,1,5,1,yes,True
57445a313fdc690010095688,fundraising,precedent,5,4,1,yes,True
57445a313fdc690010095688,gifts,reciprocity,1,5,1,yes,True
57445a313fdc690010095688,group project,reciprocity,1,6,1,yes,True
57445a313fdc690010095688,meeting prep,no_interaction,1,5,1,yes,True
57445a313fdc690010095688,coffee,precedent,1,1,5,yes,True
57445a313fdc690010095688,meeting location,reciprocity,1,5,1,yes,True
57445a313fdc690010095688,restaurant,no_interaction,3,3,3,yes,True
57445a313fdc690010095688,conversation,reciprocity,2,5,2,yes,True
57445a313fdc690010095688,family meals,precedent,5,2,1,yes,True
57445a313fdc690010095688,concerts,reciprocity,0,6,0,yes,True
57445a313fdc690010095688,babysitting,no_interaction,3,3,3,yes,True
57445a313fdc690010095688,feedback,no_interaction,3,3,3,yes,True
57445a313fdc690010095688,scheduling,no_interaction,3,3,3,yes,True
57445a313fdc690010095688,weekend,precedent,1,1,5,yes,True
57445a313fdc690010095688,architects,precedent,3,3,3,yes,True
57445a313fdc690010095688,groceries,no_interaction,3,3,3,yes,True
57445a313fdc690010095688,housemates,precedent,3,3,3,yes,True
578bcb2c09fb91000133750e,weekend,reciprocity,0,6,0,yes,True
578bcb2c09fb91000133750e,meeting location,precedent,0,0,6,yes,True
578bcb2c09fb91000133750e,family meals,no_interaction,1,5,1,yes,True
578bcb2c09fb91000133750e,group project,no_interaction,1,5,1,yes,True
578bcb2c09fb91000133750e,scheduling,precedent,0,1,5,yes,True
578bcb2c09fb91000133750e,feedback,precedent,4,2,1,yes,True
578bcb2c09fb91000133750e,fundraising,reciprocity,0,6,0,yes,True
578bcb2c09fb91000133750e,babysitting,precedent,1,1,5,yes,True
578bcb2c09fb91000133750e,coffee,reciprocity,0,6,0,yes,True
578bcb2c09fb91000133750e,architects,reciprocity,1,5,1,yes,True
578bcb2c09fb91000133750e,meeting prep,precedent,6,1,0,yes,True
578bcb2c09fb91000133750e,conversation,no_interaction,2,5,2,yes,True
578bcb2c09fb91000133750e,housemates,reciprocity,0,5,0,yes,True
578bcb2c09fb91000133750e,restaurant,reciprocity,0,6,0,yes,True
578bcb2c09fb91000133750e,gifts,no_interaction,1,5,2,yes,True
578bcb2c09fb91000133750e,groceries,precedent,1,2,5,yes,True
578bcb2c09fb91000133750e,police,no_interaction,5,2,1,yes,True
578bcb2c09fb91000133750e,concerts,no_interaction,1,5,1,yes,True
5a08c9a7f2e3460001edb063,police,precedent,1,3,4,yes,True
5a08c9a7f2e3460001edb063,housemates,reciprocity,3,4,3,yes,True
5a08c9a7f2e3460001edb063,fundraising,reciprocity,1,5,1,yes,True
5a08c9a7f2e3460001edb063,meeting prep,precedent,2,3,4,yes,True
5a08c9a7f2e3460001edb063,babysitting,no_interaction,1,2,1,yes,True
5a08c9a7f2e3460001edb063,scheduling,no_interaction,1,2,1,yes,True
5a08c9a7f2e3460001edb063,group project,no_interaction,2,4,2,yes,True
5a08c9a7f2e3460001edb063,gifts,reciprocity,1,5,1,yes,True
5a08c9a7f2e3460001edb063,meeting location,reciprocity,2,4,2,yes,True
5a08c9a7f2e3460001edb063,architects,precedent,3,3,3,yes,True
5a08c9a7f2e3460001edb063,concerts,no_interaction,1,3,1,yes,True
5a08c9a7f2e3460001edb063,family meals,precedent,2,3,4,yes,True
5a08c9a7f2e3460001edb063,restaurant,precedent,1,2,5,yes,True
5a08c9a7f2e3460001edb063,weekend,reciprocity,2,4,2,yes,True
5a08c9a7f2e3460001edb063,coffee,precedent,2,3,4,yes,True
5a08c9a7f2e3460001edb063,conversation,no_interaction,2,4,2,yes,True
5a08c9a7f2e3460001edb063,groceries,reciprocity,2,5,2,yes,True
5a08c9a7f2e3460001edb063,feedback,no_interaction,2,4,2,yes,True
5a2170527413810001521c19,feedback,reciprocity,1,5,1,yes,True
5a2170527413810001521c19,concerts,precedent,3,4,1,yes,True
5a2170527413810001521c19,housemates,precedent,2,3,4,yes,True
5a2170527413810001521c19,meeting location,no_interaction,1,5,1,yes,True
5a2170527413810001521c19,meeting prep,no_interaction,1,6,1,yes,True
5a2170527413810001521c19,architects,reciprocity,0,6,0,yes,True
5a2170527413810001521c19,scheduling,precedent,4,4,4,yes,True
5a2170527413810001521c19,groceries,precedent,1,4,1,yes,True
5a2170527413810001521c19,group project,precedent,4,2,2,yes,True
5a2170527413810001521c19,fundraising,precedent,3,3,3,yes,True
5a2170527413810001521c19,coffee,no_interaction,0,6,0,yes,True
5a2170527413810001521c19,family meals,reciprocity,0,6,0,yes,True
5a2170527413810001521c19,police,reciprocity,0,6,0,yes,True
5a2170527413810001521c19,restaurant,no_interaction,0,6,0,yes,True
5a2170527413810001521c19,babysitting,reciprocity,0,6,0,yes,True
5a2170527413810001521c19,gifts,no_interaction,1,5,1,yes,True
5a2170527413810001521c19,conversation,reciprocity,1,6,1,yes,True
5a2170527413810001521c19,weekend,no_interaction,3,3,3,yes,True
5b6194251f52240001679001,restaurant,precedent,1,2,4,yes,True
5b6194251f52240001679001,meeting prep,precedent,1,2,5,yes,True
5b6194251f52240001679001,fundraising,reciprocity,1,6,1,yes,True
5b6194251f52240001679001,scheduling,reciprocity,1,6,1,yes,True
5b6194251f52240001679001,meeting location,precedent,2,4,4,yes,True
5b6194251f52240001679001,group project,precedent,5,2,1,yes,True
5b6194251f52240001679001,coffee,no_interaction,2,4,2,yes,True
5b6194251f52240001679001,babysitting,reciprocity,1,5,1,yes,True
5b6194251f52240001679001,weekend,reciprocity,2,4,2,yes,True
5b6194251f52240001679001,feedback,precedent,5,2,1,yes,True
5b6194251f52240001679001,groceries,reciprocity,1,5,1,yes,True
5b6194251f52240001679001,architects,precedent,4,4,1,yes,True
5b6194251f52240001679001,housemates,no_interaction,1,5,1,yes,True
5b6194251f52240001679001,concerts,no_interaction,0,6,0,yes,True
5b6194251f52240001679001,police,no_interaction,5,1,1,yes,True
5b6194251f52240001679001,gifts,no_interaction,1,5,1,yes,True
5b6194251f52240001679001,family meals,no_interaction,0,6,0,yes,True
5b6194251f52240001679001,conversation,reciprocity,2,4,2,yes,True
5b824fb6cc06660001a302d4,weekend,no_interaction,3,5,3,yes,True
5b824fb6cc06660001a302d4,concerts,reciprocity,1,5,1,yes,True
5b824fb6cc06660001a302d4,architects,no_interaction,1,5,1,yes,True
5b824fb6cc06660001a302d4,scheduling,no_interaction,3,3,3,yes,True
5b824fb6cc06660001a302d4,feedback,no_interaction,1,5,1,yes,True
5b824fb6cc06660001a302d4,police,precedent,4,2,1,yes,True
5b824fb6cc06660001a302d4,groceries,reciprocity,1,5,1,yes,True
5b824fb6cc06660001a302d4,conversation,reciprocity,1,5,1,yes,True
5b824fb6cc06660001a302d4,coffee,precedent,4,2,2,yes,True
5b824fb6cc06660001a302d4,gifts,precedent,4,2,2,yes,True
5b824fb6cc06660001a302d4,fundraising,precedent,4,2,2,yes,True
5b824fb6cc06660001a302d4,group project,reciprocity,1,5,1,yes,True
5b824fb6cc06660001a302d4,babysitting,no_interaction,3,5,3,yes,True
5b824fb6cc06660001a302d4,housemates,precedent,2,2,4,yes,True
5b824fb6cc06660001a302d4,meeting prep,reciprocity,1,5,1,yes,True
5b824fb6cc06660001a302d4,restaurant,no_interaction,1,5,1,yes,True
5b824fb6cc06660001a302d4,family meals,precedent,3,3,3,yes,True
5b824fb6cc06660001a302d4,meeting location,reciprocity,3,4,3,yes,True
5bef64b373e44f0001092811,meeting location,reciprocity,3,3,3,yes,True
5bef64b373e44f0001092811,housemates,reciprocity,3,3,3,yes,True
5bef64b373e44f0001092811,coffee,precedent,2,2,4,yes,True
5bef64b373e44f0001092811,gifts,precedent,2,2,5,yes,True
5bef64b373e44f0001092811,family meals,no_interaction,3,3,3,yes,True
5bef64b373e44f0001092811,groceries,reciprocity,3,3,3,yes,True
5bef64b373e44f0001092811,police,precedent,0,0,6,yes,True
5bef64b373e44f0001092811,conversation,no_interaction,3,3,4,yes,True
5bef64b373e44f0001092811,weekend,precedent,3,3,3,yes,True
5bef64b373e44f0001092811,architects,no_interaction,3,3,3,yes,True
5bef64b373e44f0001092811,meeting prep,precedent,2,2,4,yes,True
5bef64b373e44f0001092811,babysitting,no_interaction,3,2,3,yes,True
5bef64b373e44f0001092811,concerts,no_interaction,3,3,3,yes,True
5bef64b373e44f0001092811,fundraising,reciprocity,3,3,3,yes,True
5bef64b373e44f0001092811,restaurant,precedent,2,2,5,yes,True
5bef64b373e44f0001092811,group project,reciprocity,3,3,3,yes,True
5bef64b373e44f0001092811,scheduling,reciprocity,2,6,2,yes,True
5bef64b373e44f0001092811,feedback,no_interaction,3,5,3,yes,True
5bef830d1e78580001dc03f6,restaurant,reciprocity,2,6,2,yes,True
5bef830d1e78580001dc03f6,architects,reciprocity,1,6,1,yes,True
5bef830d1e78580001dc03f6,family meals,no_interaction,1,6,1,yes,True
5bef830d1e78580001dc03f6,babysitting,reciprocity,1,6,1,yes,True
5bef830d1e78580001dc03f6,groceries,precedent,1,1,4,yes,True
5bef830d1e78580001dc03f6,meeting prep,precedent,6,2,1,yes,True
5bef830d1e78580001dc03f6,group project,precedent,6,0,0,yes,True
5bef830d1e78580001dc03f6,fundraising,no_interaction,1,6,1,yes,True
5bef830d1e78580001dc03f6,weekend,reciprocity,1,5,1,yes,True
5bef830d1e78580001dc03f6,concerts,precedent,1,0,6,yes,True
5bef830d1e78580001dc03f6,gifts,no_interaction,1,6,1,yes,True
5bef830d1e78580001dc03f6,scheduling,reciprocity,0,6,0,yes,True
5bef830d1e78580001dc03f6,coffee,no_interaction,0,6,0,yes,True
5bef830d1e78580001dc03f6,meeting location,precedent,1,0,4,yes,True
5bef830d1e78580001dc03f6,conversation,precedent,1,2,5,yes,True
5bef830d1e78580001dc03f6,police,no_interaction,2,4,2,yes,True
5bef830d1e78580001dc03f6,feedback,reciprocity,0,6,0,yes,True
5bef830d1e78580001dc03f6,housemates,no_interaction,0,6,0,yes,True
5c1bc0ab84ff14000184c2ce,babysitting,reciprocity,2,5,2,yes,True
5c1bc0ab84ff14000184c2ce,fundraising,reciprocity,1,5,1,yes,True
5c1bc0ab84ff14000184c2ce,housemates,no_interaction,2,5,2,yes,True
5c1bc0ab84ff14000184c2ce,meeting prep,precedent,4,2,2,yes,True
5c1bc0ab84ff14000184c2ce,family meals,no_interaction,1,4,1,yes,True
5c1bc0ab84ff14000184c2ce,gifts,no_interaction,1,5,1,yes,True
5c1bc0ab84ff14000184c2ce,concerts,precedent,5,1,1,yes,True
5c1bc0ab84ff14000184c2ce,feedback,precedent,5,2,2,yes,True
5c1bc0ab84ff14000184c2ce,restaurant,reciprocity,1,5,1,yes,True
5c1bc0ab84ff14000184c2ce,weekend,reciprocity,1,5,1,yes,True
5c1bc0ab84ff14000184c2ce,conversation,no_interaction,1,5,1,yes,True
5c1bc0ab84ff14000184c2ce,police,no_interaction,1,2,5,yes,True
5c1bc0ab84ff14000184c2ce,meeting location,precedent,2,3,5,yes,True
5c1bc0ab84ff14000184c2ce,coffee,no_interaction,1,5,1,yes,True
5c1bc0ab84ff14000184c2ce,groceries,reciprocity,1,5,1,yes,True
5c1bc0ab84ff14000184c2ce,group project,precedent,6,0,0,yes,True
5c1bc0ab84ff14000184c2ce,architects,precedent,2,2,5,yes,True
5c1bc0ab84ff14000184c2ce,scheduling,reciprocity,2,5,2,yes,True
5c52016a3146f80001d47b26,scheduling,no_interaction,4,2,4,yes,True
5c52016a3146f80001d47b26,housemates,no_interaction,5,3,4,yes,True
5c52016a3146f80001d47b26,weekend,reciprocity,4,4,5,yes,True
5c52016a3146f80001d47b26,meeting location,reciprocity,4,5,4,yes,True
5c52016a3146f80001d47b26,police,precedent,2,2,5,yes,True
5c52016a3146f80001d47b26,architects,precedent,4,4,4,yes,True
5c52016a3146f80001d47b26,babysitting,precedent,2,4,5,yes,True
5c52016a3146f80001d47b26,feedback,precedent,2,4,5,yes,True
5c52016a3146f80001d47b26,gifts,reciprocity,3,4,3,yes,True
5c52016a3146f80001d47b26,concerts,no_interaction,2,4,2,yes,True
5c52016a3146f80001d47b26,coffee,precedent,3,3,5,yes,True
5c52016a3146f80001d47b26,group project,no_interaction,3,5,3,yes,True
5c52016a3146f80001d47b26,family meals,precedent,4,3,2,yes,True
5c52016a3146f80001d47b26,meeting prep,reciprocity,3,5,3,yes,True
5c52016a3146f80001d47b26,groceries,reciprocity,3,5,3,yes,True
5c52016a3146f80001d47b26,conversation,no_interaction,3,5,3,yes,True
5c52016a3146f80001d47b26,restaurant,reciprocity,2,4,2,yes,True
5c52016a3146f80001d47b26,fundraising,no_interaction,3,4,3,yes,True
5c92cda483617d0010bef1b8,concerts,reciprocity,1,4,1,yes,True
5c92cda483617d0010bef1b8,coffee,precedent,3,4,3,yes,True
5c92cda483617d0010bef1b8,groceries,no_interaction,1,4,1,yes,True
5c92cda483617d0010bef1b8,conversation,precedent,2,2,4,yes,True
5c92cda483617d0010bef1b8,scheduling,precedent,3,4,4,yes,True
5c92cda483617d0010bef1b8,weekend,no_interaction,1,5,1,yes,True
5c92cda483617d0010bef1b8,housemates,reciprocity,3,3,4,yes,True
5c92cda483617d0010bef1b8,police,reciprocity,2,5,2,yes,True
5c92cda483617d0010bef1b8,babysitting,precedent,3,2,5,yes,True
5c92cda483617d0010bef1b8,meeting prep,no_interaction,4,3,3,yes,True
5c92cda483617d0010bef1b8,fundraising,precedent,5,1,1,yes,True
5c92cda483617d0010bef1b8,meeting location,no_interaction,3,5,3,yes,True
5c92cda483617d0010bef1b8,gifts,precedent,5,1,3,yes,True
5c92cda483617d0010bef1b8,restaurant,no_interaction,3,4,3,yes,True
5c92cda483617d0010bef1b8,family meals,reciprocity,2,2,4,yes,True
5c92cda483617d0010bef1b8,group project,no_interaction,5,1,2,yes,True
5c92cda483617d0010bef1b8,architects,reciprocity,3,3,4,yes,True
5c92cda483617d0010bef1b8,feedback,reciprocity,1,5,1,yes,True
5d422e095a696a0019afa849,babysitting,reciprocity,1,5,1,yes,True
5d422e095a696a0019afa849,scheduling,reciprocity,1,5,1,yes,True
5d422e095a696a0019afa849,architects,reciprocity,1,5,1,yes,True
5d422e095a696a0019afa849,restaurant,reciprocity,1,5,1,yes,True
5d422e095a696a0019afa849,meeting prep,precedent,2,2,5,yes,True
5d422e095a696a0019afa849,groceries,precedent,1,4,1,yes,True
5d422e095a696a0019afa849,family meals,no_interaction,1,5,1,yes,True
5d422e095a696a0019afa849,coffee,no_interaction,3,5,3,yes,True
5d422e095a696a0019afa849,group project,precedent,4,2,1,yes,True
5d422e095a696a0019afa849,housemates,no_interaction,2,4,1,yes,True
5d422e095a696a0019afa849,police,no_interaction,2,4,4,yes,True
5d422e095a696a0019afa849,weekend,reciprocity,1,5,1,yes,True
5d422e095a696a0019afa849,gifts,no_interaction,1,5,1,yes,True
5d422e095a696a0019afa849,concerts,precedent,3,4,4,yes,True
5d422e095a696a0019afa849,conversation,no_interaction,2,4,2,yes,True
5d422e095a696a0019afa849,feedback,precedent,4,2,1,yes,True
5d422e095a696a0019afa849,meeting location,precedent,2,3,3,yes,True
5d422e095a696a0019afa849,fundraising,reciprocity,1,5,1,yes,True
5d548912e1c7130018e019dc,concerts,precedent,1,2,5,yes,True
5d548912e1c7130018e019dc,meeting prep,reciprocity,2,5,2,yes,True
5d548912e1c7130018e019dc,family meals,precedent,4,2,1,yes,True
5d548912e1c7130018e019dc,restaurant,reciprocity,3,5,3,yes,True
5d548912e1c7130018e019dc,scheduling,no_interaction,3,3,3,yes,True
5d548912e1c7130018e019dc,conversation,no_interaction,3,4,3,yes,True
5d548912e1c7130018e019dc,gifts,precedent,4,2,2,yes,True
5d548912e1c7130018e019dc,police,precedent,1,1,5,yes,True
5d548912e1c7130018e019dc,meeting location,reciprocity,2,4,2,yes,True
5d548912e1c7130018e019dc,group project,reciprocity,2,4,2,yes,True
5d548912e1c7130018e019dc,housemates,precedent,2,2,4,yes,True
5d548912e1c7130018e019dc,architects,reciprocity,2,4,2,yes,True
5d548912e1c7130018e019dc,coffee,precedent,4,2,2,yes,True
5d548912e1c7130018e019dc,groceries,no_interaction,1,3,1,yes,True
5d548912e1c7130018e019dc,weekend,no_interaction,1,3,1,yes,True
5d548912e1c7130018e019dc,babysitting,no_interaction,1,3,1,yes,True
5d548912e1c7130018e019dc,feedback,reciprocity,1,5,1,yes,True
5d548912e1c7130018e019dc,fundraising,no_interaction,1,3,1,yes,True
5d7fdfd7d8e176001983ffa2,scheduling,reciprocity,4,5,4,yes,True
5d7fdfd7d8e176001983ffa2,restaurant,precedent,4,4,5,yes,True
5d7fdfd7d8e176001983ffa2,babysitting,no_interaction,3,2,5,yes,True
5d7fdfd7d8e176001983ffa2,fundraising,reciprocity,4,3,5,yes,True
5d7fdfd7d8e176001983ffa2,weekend,precedent,4,4,5,yes,True
5d7fdfd7d8e176001983ffa2,architects,precedent,3,1,5,yes,True
5d7fdfd7d8e176001983ffa2,police,precedent,3,1,6,yes,True
5d7fdfd7d8e176001983ffa2,meeting location,reciprocity,3,1,4,yes,True
5d7fdfd7d8e176001983ffa2,gifts,reciprocity,3,3,5,yes,True
5d7fdfd7d8e176001983ffa2,group project,no_interaction,3,2,5,yes,True
5d7fdfd7d8e176001983ffa2,meeting prep,precedent,3,1,4,yes,True
5d7fdfd7d8e176001983ffa2,concerts,no_interaction,3,3,3,yes,True
5d7fdfd7d8e176001983ffa2,feedback,no_interaction,3,2,5,yes,True
5d7fdfd7d8e176001983ffa2,family meals,no_interaction,4,2,5,yes,True
5d7fdfd7d8e176001983ffa2,coffee,precedent,3,2,5,yes,True
5d7fdfd7d8e176001983ffa2,conversation,no_interaction,3,1,5,yes,True
5d7fdfd7d8e176001983ffa2,housemates,reciprocity,3,3,4,yes,True
5d7fdfd7d8e176001983ffa2,groceries,reciprocity,2,1,5,yes,True
5dd0749782569a156ed4f658,babysitting,precedent,2,2,4,yes,True
5dd0749782569a156ed4f658,meeting location,no_interaction,1,5,1,yes,True
5dd0749782569a156ed4f658,groceries,no_interaction,1,5,1,yes,True
5dd0749782569a156ed4f658,group project,precedent,6,1,0,yes,True
5dd0749782569a156ed4f658,fundraising,no_interaction,1,5,1,yes,True
5dd0749782569a156ed4f658,meeting prep,reciprocity,1,5,1,yes,True
5dd0749782569a156ed4f658,weekend,no_interaction,1,4,1,yes,True
5dd0749782569a156ed4f658,housemates,precedent,1,2,5,yes,True
5dd0749782569a156ed4f658,coffee,reciprocity,1,5,1,yes,True
5dd0749782569a156ed4f658,feedback,reciprocity,1,5,1,yes,True
5dd0749782569a156ed4f658,restaurant,no_interaction,1,4,1,yes,True
5dd0749782569a156ed4f658,scheduling,precedent,1,2,5,yes,True
5dd0749782569a156ed4f658,conversation,precedent,2,2,4,yes,True
5dd0749782569a156ed4f658,concerts,precedent,5,2,1,yes,True
5dd0749782569a156ed4f658,gifts,no_interaction,2,4,2,yes,True
5dd0749782569a156ed4f658,police,reciprocity,2,5,2,yes,True
5dd0749782569a156ed4f658,family meals,reciprocity,2,5,2,yes,True
5dd0749782569a156ed4f658,architects,reciprocity,1,5,1,yes,True
5e21e741f814784d3180f004,feedback,no_interaction,1,5,1,yes,True
5e21e741f814784d3180f004,babysitting,precedent,1,5,1,yes,True
5e21e741f814784d3180f004,architects,reciprocity,1,5,1,yes,True
5e21e741f814784d3180f004,coffee,precedent,1,5,1,yes,True
5e21e741f814784d3180f004,weekend,precedent,1,1,5,yes,True
5e21e741f814784d3180f004,conversation,precedent,1,1,5,yes,True
5e21e741f814784d3180f004,group project,no_interaction,1,5,1,yes,True
5e21e741f814784d3180f004,housemates,reciprocity,1,5,1,yes,True
5e21e741f814784d3180f004,fundraising,precedent,5,2,1,yes,True
5e21e741f814784d3180f004,meeting location,no_interaction,1,5,1,yes,True
5e21e741f814784d3180f004,meeting prep,no_interaction,1,5,1,yes,True
5e21e741f814784d3180f004,groceries,no_interaction,1,5,1,yes,True
5e21e741f814784d3180f004,restaurant,no_interaction,1,4,1,yes,True
5e21e741f814784d3180f004,gifts,reciprocity,1,5,1,yes,True
5e21e741f814784d3180f004,concerts,reciprocity,1,5,1,yes,True
5e21e741f814784d3180f004,scheduling,precedent,5,2,1,yes,True
5e21e741f814784d3180f004,family meals,reciprocity,1,4,1,yes,True
5e21e741f814784d3180f004,police,reciprocity,1,5,1,yes,True
5e4465013f75e52fc82f7096,meeting prep,precedent,2,4,4,yes,True
5e4465013f75e52fc82f7096,architects,no_interaction,2,4,2,yes,True
5e4465013f75e52fc82f7096,family meals,no_interaction,2,3,4,yes,True
5e4465013f75e52fc82f7096,fundraising,reciprocity,2,4,2,yes,True
5e4465013f75e52fc82f7096,concerts,no_interaction,3,4,3,yes,True
5e4465013f75e52fc82f7096,restaurant,precedent,5,2,1,yes,True
5e4465013f75e52fc82f7096,housemates,no_interaction,3,5,3,yes,True
5e4465013f75e52fc82f7096,conversation,reciprocity,2,4,2,yes,True
5e4465013f75e52fc82f7096,babysitting,reciprocity,1,5,1,yes,True
5e4465013f75e52fc82f7096,weekend,reciprocity,3,4,3,yes,True
5e4465013f75e52fc82f7096,feedback,precedent,2,4,2,yes,True
5e4465013f75e52fc82f7096,groceries,precedent,2,5,2,yes,True
5e4465013f75e52fc82f7096,meeting location,precedent,2,3,4,yes,True
5e4465013f75e52fc82f7096,police,no_interaction,1,2,5,yes,True
5e4465013f75e52fc82f7096,scheduling,reciprocity,2,4,2,yes,True
5e4465013f75e52fc82f7096,group project,precedent,4,3,2,yes,True
5e4465013f75e52fc82f7096,coffee,reciprocity,1,5,1,yes,True
5e4465013f75e52fc82f7096,gifts,no_interaction,1,5,1,yes,True
5e56a66121583601d3c3526a,family meals,reciprocity,0,6,0,yes,True
5e56a66121583601d3c3526a,weekend,no_interaction,3,3,3,yes,True
5e56a66121583601d3c3526a,gifts,no_interaction,0,6,0,yes,True
5e56a66121583601d3c3526a,police,reciprocity,0,6,0,yes,True
5e56a66121583601d3c3526a,meeting prep,no_interaction,0,6,0,yes,True
5e56a66121583601d3c3526a,babysitting,reciprocity,0,6,0,yes,True
5e56a66121583601d3c3526a,groceries,no_interaction,0,6,0,yes,True
5e56a66121583601d3c3526a,conversation,precedent,0,0,6,yes,True
5e56a66121583601d3c3526a,feedback,reciprocity,0,6,0,yes,True
5e56a66121583601d3c3526a,restaurant,no_interaction,3,3,3,yes,True
5e56a66121583601d3c3526a,scheduling,precedent,0,0,6,yes,True
5e56a66121583601d3c3526a,fundraising,precedent,6,0,0,yes,True
5e56a66121583601d3c3526a,group project,precedent,6,0,0,yes,True
5e56a66121583601d3c3526a,meeting location,no_interaction,3,3,3,yes,True
5e56a66121583601d3c3526a,housemates,precedent,0,0,6,yes,True
5e56a66121583601d3c3526a,concerts,precedent,3,3,3,yes,True
5e56a66121583601d3c3526a,architects,reciprocity,0,6,0,yes,True
5e56a66121583601d3c3526a,coffee,reciprocity,0,6,0,yes,True
5e701badffc1a95eacebdf6f,architects,no_interaction,3,6,3,yes,True
5e701badffc1a95eacebdf6f,family meals,precedent,5,3,1,yes,True
5e701badffc1a95eacebdf6f,housemates,precedent,3,5,3,yes,True
5e701badffc1a95eacebdf6f,concerts,precedent,5,3,1,yes,True
5e701badffc1a95eacebdf6f,coffee,no_interaction,3,5,3,yes,True
5e701badffc1a95eacebdf6f,babysitting,no_interaction,3,5,3,yes,True
5e701badffc1a95eacebdf6f,gifts,precedent,5,3,3,yes,True
5e701badffc1a95eacebdf6f,fundraising,no_interaction,3,5,3,yes,True
5e701badffc1a95eacebdf6f,weekend,no_interaction,3,5,3,yes,True
5e701badffc1a95eacebdf6f,groceries,reciprocity,3,5,3,yes,True
5e701badffc1a95eacebdf6f,police,precedent,3,5,3,yes,True
5e701badffc1a95eacebdf6f,scheduling,reciprocity,3,5,3,yes,True
5e701badffc1a95eacebdf6f,restaurant,no_interaction,3,5,3,yes,True
5e701badffc1a95eacebdf6f,conversation,precedent,3,5,,yes,True
5e701badffc1a95eacebdf6f,feedback,reciprocity,3,5,3,yes,True
5e701badffc1a95eacebdf6f,meeting prep,reciprocity,3,5,3,yes,True
5e701badffc1a95eacebdf6f,meeting location,reciprocity,3,5,3,yes,True
5e701badffc1a95eacebdf6f,group project,reciprocity,3,5,3,yes,True
5e8035b69bebe57112d963fe,housemates,precedent,2,4,2,yes,True
5e8035b69bebe57112d963fe,family meals,precedent,4,4,1,yes,True
5e8035b69bebe57112d963fe,groceries,reciprocity,1,4,1,yes,True
5e8035b69bebe57112d963fe,restaurant,no_interaction,2,4,2,yes,True
5e8035b69bebe57112d963fe,fundraising,no_interaction,4,4,4,yes,True
5e8035b69bebe57112d963fe,group project,reciprocity,4,4,4,yes,True
5e8035b69bebe57112d963fe,meeting location,reciprocity,2,4,2,yes,True
5e8035b69bebe57112d963fe,gifts,precedent,4,4,4,yes,True
5e8035b69bebe57112d963fe,babysitting,no_interaction,2,4,2,yes,True
5e8035b69bebe57112d963fe,weekend,no_interaction,4,4,4,yes,True
5e8035b69bebe57112d963fe,conversation,precedent,2,2,4,yes,True
5e8035b69bebe57112d963fe,police,precedent,2,4,4,yes,True
5e8035b69bebe57112d963fe,concerts,reciprocity,2,4,2,yes,True
5e8035b69bebe57112d963fe,feedback,reciprocity,4,4,4,yes,True
5e8035b69bebe57112d963fe,scheduling,no_interaction,4,4,4,yes,True
5e8035b69bebe57112d963fe,architects,no_interaction,4,4,4,yes,True
5e8035b69bebe57112d963fe,coffee,precedent,4,4,4,yes,True
5e8035b69bebe57112d963fe,meeting prep,reciprocity,2,4,2,yes,True
5ecbecaf5d5a2e797beced09,gifts,no_interaction,2,5,2,yes,True
5ecbecaf5d5a2e797beced09,family meals,no_interaction,2,5,2,yes,True
5ecbecaf5d5a2e797beced09,groceries,reciprocity,2,5,2,yes,True
5ecbecaf5d5a2e797beced09,weekend,reciprocity,2,5,2,yes,True
5ecbecaf5d5a2e797beced09,housemates,no_interaction,3,3,3,yes,True
5ecbecaf5d5a2e797beced09,conversation,no_interaction,3,3,3,yes,True
5ecbecaf5d5a2e797beced09,architects,precedent,2,1,4,yes,True
5ecbecaf5d5a2e797beced09,feedback,precedent,4,3,2,yes,True
5ecbecaf5d5a2e797beced09,meeting prep,reciprocity,1,5,1,yes,True
5ecbecaf5d5a2e797beced09,fundraising,no_interaction,4,3,4,yes,True
5ecbecaf5d5a2e797beced09,scheduling,reciprocity,1,5,1,yes,True
5ecbecaf5d5a2e797beced09,restaurant,reciprocity,2,5,2,yes,True
5ecbecaf5d5a2e797beced09,meeting location,precedent,1,2,5,yes,True
5ecbecaf5d5a2e797beced09,group project,precedent,6,1,1,yes,True
5ecbecaf5d5a2e797beced09,coffee,no_interaction,4,5,4,yes,True
5ecbecaf5d5a2e797beced09,concerts,precedent,5,1,1,yes,True
5ecbecaf5d5a2e797beced09,police,precedent,4,1,4,yes,True
5ecbecaf5d5a2e797beced09,babysitting,reciprocity,1,5,1,yes,True
5f078308b1ceae026b948a49,architects,reciprocity,1,5,1,yes,True
5f078308b1ceae026b948a49,weekend,no_interaction,1,5,1,yes,True
5f078308b1ceae026b948a49,meeting location,reciprocity,1,5,1,yes,True
5f078308b1ceae026b948a49,gifts,precedent,4,2,1,yes,True
5f078308b1ceae026b948a49,coffee,precedent,4,2,2,yes,True
5f078308b1ceae026b948a49,babysitting,no_interaction,3,3,3,yes,True
5f078308b1ceae026b948a49,scheduling,no_interaction,3,3,3,yes,True
5f078308b1ceae026b948a49,feedback,reciprocity,3,3,3,yes,True
5f078308b1ceae026b948a49,meeting prep,reciprocity,3,3,3,yes,True
5f078308b1ceae026b948a49,family meals,precedent,3,3,3,yes,True
5f078308b1ceae026b948a49,housemates,precedent,2,2,4,yes,True
5f078308b1ceae026b948a49,group project,reciprocity,3,3,3,yes,True
5f078308b1ceae026b948a49,conversation,no_interaction,3,3,3,yes,True
5f078308b1ceae026b948a49,fundraising,no_interaction,3,3,3,yes,True
5f078308b1ceae026b948a49,groceries,no_interaction,3,3,3,yes,True
5f078308b1ceae026b948a49,police,precedent,5,1,1,yes,True
5f078308b1ceae026b948a49,concerts,precedent,4,2,2,yes,True
5f078308b1ceae026b948a49,restaurant,reciprocity,3,3,3,yes,True
5f2c760dfff10e03206a686b,coffee,no_interaction,3,5,3,yes,True
5f2c760dfff10e03206a686b,group project,precedent,5,2,1,yes,True
5f2c760dfff10e03206a686b,police,no_interaction,1,1,4,yes,True
5f2c760dfff10e03206a686b,fundraising,precedent,5,1,1,yes,True
5f2c760dfff10e03206a686b,concerts,reciprocity,1,5,1,yes,True
5f2c760dfff10e03206a686b,family meals,reciprocity,4,2,1,yes,True
5f2c760dfff10e03206a686b,groceries,precedent,5,1,1,yes,True
5f2c760dfff10e03206a686b,meeting location,precedent,1,1,5,yes,True
5f2c760dfff10e03206a686b,restaurant,no_interaction,3,3,3,yes,True
5f2c760dfff10e03206a686b,meeting prep,no_interaction,3,6,0,yes,True
5f2c760dfff10e03206a686b,scheduling,precedent,1,1,5,yes,True
5f2c760dfff10e03206a686b,housemates,precedent,1,5,1,yes,True
5f2c760dfff10e03206a686b,babysitting,reciprocity,3,3,3,yes,True
5f2c760dfff10e03206a686b,architects,reciprocity,3,5,3,yes,True
5f2c760dfff10e03206a686b,weekend,no_interaction,4,2,2,yes,True
5f2c760dfff10e03206a686b,gifts,no_interaction,3,5,3,yes,True
5f2c760dfff10e03206a686b,conversation,reciprocity,2,4,2,yes,True
5f2c760dfff10e03206a686b,feedback,reciprocity,0,6,0,yes,True
5f481e6faaf9582bdcd9697b,scheduling,precedent,5,1,5,yes,True
5f481e6faaf9582bdcd9697b,group project,no_interaction,3,5,3,yes,True
5f481e6faaf9582bdcd9697b,feedback,precedent,3,5,3,yes,True
5f481e6faaf9582bdcd9697b,family meals,reciprocity,3,6,3,yes,True
5f481e6faaf9582bdcd9697b,babysitting,precedent,1,5,1,yes,True
5f481e6faaf9582bdcd9697b,weekend,precedent,2,1,4,yes,True
5f481e6faaf9582bdcd9697b,meeting location,no_interaction,1,5,1,yes,True
5f481e6faaf9582bdcd9697b,meeting prep,no_interaction,1,5,1,yes,True
5f481e6faaf9582bdcd9697b,fundraising,reciprocity,0,6,0,yes,True
5f481e6faaf9582bdcd9697b,conversation,no_interaction,1,5,1,yes,True
5f481e6faaf9582bdcd9697b,architects,precedent,1,5,1,yes,True
5f481e6faaf9582bdcd9697b,concerts,no_interaction,,3,3,yes,True
5f481e6faaf9582bdcd9697b,coffee,reciprocity,3,4,3,yes,True
5f481e6faaf9582bdcd9697b,housemates,reciprocity,2,2,4,yes,True
5f481e6faaf9582bdcd9697b,police,reciprocity,1,6,1,yes,True
5f481e6faaf9582bdcd9697b,groceries,no_interaction,3,3,3,yes,True
5f481e6faaf9582bdcd9697b,gifts,reciprocity,1,5,1,yes,True
5f481e6faaf9582bdcd9697b,restaurant,precedent,1,1,5,yes,True
5f4e21b1d8bdcab16ac4481a,group project,no_interaction,3,5,3,yes,True
5f4e21b1d8bdcab16ac4481a,fundraising,no_interaction,3,5,3,yes,True
5f4e21b1d8bdcab16ac4481a,gifts,reciprocity,3,5,3,yes,True
5f4e21b1d8bdcab16ac4481a,architects,precedent,4,4,2,yes,True
5f4e21b1d8bdcab16ac4481a,meeting location,no_interaction,3,5,3,yes,True
5f4e21b1d8bdcab16ac4481a,concerts,precedent,4,4,2,yes,True
5f4e21b1d8bdcab16ac4481a,groceries,no_interaction,3,5,3,yes,True
5f4e21b1d8bdcab16ac4481a,coffee,reciprocity,3,5,3,yes,True
5f4e21b1d8bdcab16ac4481a,family meals,precedent,4,5,2,yes,True
5f4e21b1d8bdcab16ac4481a,housemates,no_interaction,3,5,3,yes,True
5f4e21b1d8bdcab16ac4481a,babysitting,precedent,3,4,3,yes,True
5f4e21b1d8bdcab16ac4481a,scheduling,no_interaction,3,4,4,yes,True
5f4e21b1d8bdcab16ac4481a,restaurant,reciprocity,3,5,3,yes,True
5f4e21b1d8bdcab16ac4481a,meeting prep,reciprocity,3,5,3,yes,True
5f4e21b1d8bdcab16ac4481a,conversation,precedent,0,1,6,yes,True
5f4e21b1d8bdcab16ac4481a,feedback,precedent,4,4,2,yes,True
5f4e21b1d8bdcab16ac4481a,police,reciprocity,3,5,3,yes,True
5f4e21b1d8bdcab16ac4481a,weekend,reciprocity,3,5,3,yes,True
5f68dfc4f0b95a06e45d2fad,babysitting,reciprocity,0,6,0,yes,True
5f68dfc4f0b95a06e45d2fad,restaurant,no_interaction,0,6,0,yes,True
5f68dfc4f0b95a06e45d2fad,meeting location,precedent,6,0,,yes,True
5f68dfc4f0b95a06e45d2fad,housemates,precedent,0,0,6,yes,True
5f68dfc4f0b95a06e45d2fad,architects,no_interaction,0,6,0,yes,True
5f68dfc4f0b95a06e45d2fad,scheduling,reciprocity,0,6,0,yes,True
5f68dfc4f0b95a06e45d2fad,weekend,precedent,0,6,0,yes,True
5f68dfc4f0b95a06e45d2fad,police,no_interaction,6,0,0,yes,True
5f68dfc4f0b95a06e45d2fad,family meals,no_interaction,6,0,0,yes,True
5f68dfc4f0b95a06e45d2fad,fundraising,precedent,6,0,0,yes,True
5f68dfc4f0b95a06e45d2fad,coffee,no_interaction,0,6,0,yes,True
5f68dfc4f0b95a06e45d2fad,concerts,reciprocity,0,6,0,yes,True
5f68dfc4f0b95a06e45d2fad,group project,reciprocity,0,6,0,yes,True
5f68dfc4f0b95a06e45d2fad,groceries,precedent,0,0,6,yes,True
5f68dfc4f0b95a06e45d2fad,gifts,precedent,0,0,6,yes,True
5f68dfc4f0b95a06e45d2fad,conversation,reciprocity,0,6,0,yes,True
5f68dfc4f0b95a06e45d2fad,meeting prep,no_interaction,0,6,0,yes,True
5f68dfc4f0b95a06e45d2fad,feedback,reciprocity,0,6,0,yes,True
60374cfab40de65a4937b07b,restaurant,precedent,3,3,3,yes,True
60374cfab40de65a4937b07b,housemates,no_interaction,3,5,3,yes,True
60374cfab40de65a4937b07b,fundraising,reciprocity,1,6,1,yes,True
60374cfab40de65a4937b07b,groceries,reciprocity,1,5,1,yes,True
60374cfab40de65a4937b07b,feedback,precedent,5,4,0,yes,True
60374cfab40de65a4937b07b,coffee,no_interaction,3,6,3,yes,True
60374cfab40de65a4937b07b,gifts,no_interaction,2,6,2,yes,True
60374cfab40de65a4937b07b,family meals,no_interaction,1,6,1,yes,True
60374cfab40de65a4937b07b,conversation,reciprocity,0,6,0,yes,True
60374cfab40de65a4937b07b,concerts,no_interaction,0,4,0,yes,True
60374cfab40de65a4937b07b,meeting location,precedent,1,2,5,yes,True
60374cfab40de65a4937b07b,weekend,reciprocity,1,5,1,yes,True
60374cfab40de65a4937b07b,babysitting,reciprocity,1,5,1,yes,True
60374cfab40de65a4937b07b,group project,precedent,6,1,0,yes,True
60374cfab40de65a4937b07b,police,no_interaction,5,2,1,yes,True
60374cfab40de65a4937b07b,scheduling,reciprocity,3,5,3,yes,True
60374cfab40de65a4937b07b,meeting prep,precedent,0,1,6,yes,True
60374cfab40de65a4937b07b,architects,precedent,6,0,0,yes,True
609f124eb9ff1c60948609b9,groceries,precedent,3,3,3,yes,True
609f124eb9ff1c60948609b9,coffee,reciprocity,3,3,3,yes,True
609f124eb9ff1c60948609b9,weekend,reciprocity,3,3,3,yes,True
609f124eb9ff1c60948609b9,fundraising,reciprocity,3,3,3,yes,True
609f124eb9ff1c60948609b9,babysitting,precedent,1,1,1,yes,True
609f124eb9ff1c60948609b9,housemates,reciprocity,3,3,3,yes,True
609f124eb9ff1c60948609b9,family meals,reciprocity,3,3,3,yes,True
609f124eb9ff1c60948609b9,gifts,no_interaction,2,2,1,yes,True
609f124eb9ff1c60948609b9,scheduling,precedent,3,3,3,yes,True
609f124eb9ff1c60948609b9,conversation,no_interaction,3,3,3,yes,True
609f124eb9ff1c60948609b9,restaurant,precedent,3,3,3,yes,True
609f124eb9ff1c60948609b9,meeting prep,precedent,3,3,3,yes,True
609f124eb9ff1c60948609b9,group project,no_interaction,3,3,3,yes,True
609f124eb9ff1c60948609b9,concerts,no_interaction,1,1,1,yes,True
609f124eb9ff1c60948609b9,police,no_interaction,1,1,1,yes,True
609f124eb9ff1c60948609b9,meeting location,no_interaction,3,3,3,yes,True
609f124eb9ff1c60948609b9,feedback,precedent,3,3,3,yes,True
609f124eb9ff1c60948609b9,architects,reciprocity,2,2,2,yes,True
60e7739644eb45bfddedf039,restaurant,reciprocity,0,6,0,yes,True
60e7739644eb45bfddedf039,feedback,precedent,2,5,2,yes,True
60e7739644eb45bfddedf039,fundraising,no_interaction,2,5,2,yes,True
60e7739644eb45bfddedf039,architects,precedent,2,5,2,yes,True
60e7739644eb45bfddedf039,weekend,reciprocity,5,4,1,yes,True
60e7739644eb45bfddedf039,police,precedent,2,4,2,yes,True
60e7739644eb45bfddedf039,groceries,reciprocity,1,5,1,yes,True
60e7739644eb45bfddedf039,conversation,no_interaction,1,5,1,yes,True
60e7739644eb45bfddedf039,coffee,no_interaction,1,5,1,yes,True
60e7739644eb45bfddedf039,meeting prep,reciprocity,1,5,1,yes,True
60e7739644eb45bfddedf039,meeting location,precedent,1,5,1,yes,True
60e7739644eb45bfddedf039,scheduling,reciprocity,2,5,2,yes,True
60e7739644eb45bfddedf039,gifts,no_interaction,1,5,1,yes,True
60e7739644eb45bfddedf039,housemates,no_interaction,2,5,2,yes,True
60e7739644eb45bfddedf039,concerts,precedent,5,2,0,yes,True
60e7739644eb45bfddedf039,group project,reciprocity,1,5,1,yes,True
60e7739644eb45bfddedf039,babysitting,no_interaction,4,2,1,yes,True
60e7739644eb45bfddedf039,family meals,precedent,5,2,1,yes,True
61015eeeac2c6fae4f3696c6,meeting prep,reciprocity,1,6,1,yes,True
61015eeeac2c6fae4f3696c6,police,precedent,,2,1,yes,True
61015eeeac2c6fae4f3696c6,scheduling,reciprocity,1,6,1,yes,True
61015eeeac2c6fae4f3696c6,babysitting,reciprocity,1,6,1,yes,True
61015eeeac2c6fae4f3696c6,architects,no_interaction,1,6,1,yes,True
61015eeeac2c6fae4f3696c6,feedback,reciprocity,1,6,1,yes,True
61015eeeac2c6fae4f3696c6,family meals,no_interaction,3,6,3,yes,True
61015eeeac2c6fae4f3696c6,gifts,precedent,5,4,1,yes,True
61015eeeac2c6fae4f3696c6,housemates,no_interaction,3,6,3,yes,True
61015eeeac2c6fae4f3696c6,conversation,precedent,2,2,4,yes,True
61015eeeac2c6fae4f3696c6,groceries,reciprocity,1,6,1,yes,True
61015eeeac2c6fae4f3696c6,group project,precedent,5,3,1,yes,True
61015eeeac2c6fae4f3696c6,weekend,no_interaction,1,5,1,yes,True
61015eeeac2c6fae4f3696c6,restaurant,reciprocity,1,6,1,yes,True
61015eeeac2c6fae4f3696c6,concerts,precedent,1,2,5,yes,True
61015eeeac2c6fae4f3696c6,coffee,no_interaction,3,6,3,yes,True
61015eeeac2c6fae4f3696c6,fundraising,no_interaction,3,5,3,yes,True
61015eeeac2c6fae4f3696c6,meeting location,precedent,2,3,4,yes,True
6110af22d84e8b4c36b2f254,architects,reciprocity,1,5,1,yes,True
6110af22d84e8b4c36b2f254,coffee,precedent,3,3,3,yes,True
6110af22d84e8b4c36b2f254,groceries,no_interaction,3,4,3,yes,True
6110af22d84e8b4c36b2f254,scheduling,no_interaction,3,3,3,yes,True
6110af22d84e8b4c36b2f254,conversation,precedent,3,4,3,yes,True
6110af22d84e8b4c36b2f254,family meals,reciprocity,1,5,1,yes,True
6110af22d84e8b4c36b2f254,gifts,precedent,4,4,2,yes,True
6110af22d84e8b4c36b2f254,group project,no_interaction,2,5,2,yes,True
6110af22d84e8b4c36b2f254,police,reciprocity,2,5,2,yes,True
6110af22d84e8b4c36b2f254,concerts,reciprocity,1,5,1,yes,True
6110af22d84e8b4c36b2f254,fundraising,precedent,3,4,3,yes,True
6110af22d84e8b4c36b2f254,housemates,precedent,1,5,1,yes,True
6110af22d84e8b4c36b2f254,restaurant,no_interaction,3,3,3,yes,True
6110af22d84e8b4c36b2f254,meeting prep,no_interaction,2,5,2,yes,True
6110af22d84e8b4c36b2f254,meeting location,reciprocity,2,4,2,yes,True
6110af22d84e8b4c36b2f254,feedback,reciprocity,1,5,1,yes,True
6110af22d84e8b4c36b2f254,weekend,no_interaction,3,3,3,yes,True
6110af22d84e8b4c36b2f254,babysitting,precedent,1,5,1,yes,True
6110e48623d76c1abbb54e79,scheduling,reciprocity,2,5,2,yes,True
6110e48623d76c1abbb54e79,meeting prep,precedent,2,3,4,yes,True
6110e48623d76c1abbb54e79,housemates,no_interaction,3,5,3,yes,True
6110e48623d76c1abbb54e79,concerts,precedent,4,2,5,yes,True
6110e48623d76c1abbb54e79,weekend,no_interaction,2,4,4,yes,True
6110e48623d76c1abbb54e79,police,precedent,2,2,5,yes,True
6110e48623d76c1abbb54e79,restaurant,reciprocity,2,5,2,yes,True
6110e48623d76c1abbb54e79,gifts,no_interaction,2,5,2,yes,True
6110e48623d76c1abbb54e79,coffee,no_interaction,2,4,2,yes,True
6110e48623d76c1abbb54e79,meeting location,precedent,2,2,4,yes,True
6110e48623d76c1abbb54e79,group project,precedent,6,0,1,yes,True
6110e48623d76c1abbb54e79,babysitting,reciprocity,1,5,1,yes,True
6110e48623d76c1abbb54e79,architects,reciprocity,1,5,1,yes,True
6110e48623d76c1abbb54e79,family meals,no_interaction,1,5,1,yes,True
6110e48623d76c1abbb54e79,feedback,reciprocity,1,5,1,yes,True
6110e48623d76c1abbb54e79,fundraising,no_interaction,1,5,1,yes,True
6110e48623d76c1abbb54e79,conversation,precedent,2,1,5,yes,True
6110e48623d76c1abbb54e79,groceries,reciprocity,1,5,1,yes,True
611145d764f3f83ee48ae655,feedback,reciprocity,2,6,2,yes,True
611145d764f3f83ee48ae655,restaurant,no_interaction,0,6,0,yes,True
611145d764f3f83ee48ae655,concerts,reciprocity,0,6,0,yes,True
611145d764f3f83ee48ae655,gifts,precedent,6,2,1,yes,True
611145d764f3f83ee48ae655,conversation,reciprocity,0,6,0,yes,True
611145d764f3f83ee48ae655,weekend,no_interaction,2,5,2,yes,True
611145d764f3f83ee48ae655,group project,reciprocity,0,6,0,yes,True
611145d764f3f83ee48ae655,scheduling,precedent,2,2,5,yes,True
611145d764f3f83ee48ae655,babysitting,reciprocity,0,6,0,yes,True
611145d764f3f83ee48ae655,groceries,precedent,2,4,4,yes,True
611145d764f3f83ee48ae655,meeting prep,no_interaction,0,6,0,yes,True
611145d764f3f83ee48ae655,police,no_interaction,2,4,5,yes,True
611145d764f3f83ee48ae655,meeting location,precedent,1,2,5,yes,True
611145d764f3f83ee48ae655,housemates,precedent,2,4,4,yes,True
611145d764f3f83ee48ae655,fundraising,precedent,4,2,2,yes,True
611145d764f3f83ee48ae655,architects,no_interaction,0,6,0,yes,True
611145d764f3f83ee48ae655,family meals,reciprocity,0,6,0,yes,True
611145d764f3f83ee48ae655,coffee,no_interaction,0,6,0,yes,True
61286af4797d61e693470f05,police,no_interaction,2,2,4,yes,True
61286af4797d61e693470f05,babysitting,reciprocity,0,6,0,yes,True
61286af4797d61e693470f05,groceries,precedent,4,4,2,yes,True
61286af4797d61e693470f05,housemates,no_interaction,0,6,0,yes,True
61286af4797d61e693470f05,concerts,no_interaction,1,5,1,yes,True
61286af4797d61e693470f05,family meals,no_interaction,0,6,0,yes,True
61286af4797d61e693470f05,weekend,reciprocity,0,6,0,yes,True
61286af4797d61e693470f05,coffee,reciprocity,1,5,1,yes,True
61286af4797d61e693470f05,meeting location,precedent,1,4,4,yes,True
61286af4797d61e693470f05,conversation,reciprocity,1,5,1,yes,True
61286af4797d61e693470f05,feedback,precedent,6,1,0,yes,True
61286af4797d61e693470f05,architects,no_interaction,0,6,0,yes,True
61286af4797d61e693470f05,fundraising,reciprocity,1,6,1,yes,True
61286af4797d61e693470f05,scheduling,reciprocity,0,6,0,yes,True
61286af4797d61e693470f05,group project,precedent,6,2,0,yes,True
61286af4797d61e693470f05,meeting prep,precedent,6,0,0,yes,True
61286af4797d61e693470f05,restaurant,precedent,0,0,6,yes,True
61286af4797d61e693470f05,gifts,no_interaction,0,6,0,yes,True
6137da4ec348d1070e20fd85,groceries,no_interaction,3,6,3,yes,True
6137da4ec348d1070e20fd85,feedback,no_interaction,3,5,3,yes,True
6137da4ec348d1070e20fd85,gifts,precedent,1,1,5,yes,True
6137da4ec348d1070e20fd85,concerts,reciprocity,3,6,3,yes,True
6137da4ec348d1070e20fd85,coffee,precedent,6,3,0,yes,True
6137da4ec348d1070e20fd85,babysitting,no_interaction,4,3,2,yes,True
6137da4ec348d1070e20fd85,meeting prep,reciprocity,3,6,3,yes,True
6137da4ec348d1070e20fd85,housemates,precedent,5,3,1,yes,True
6137da4ec348d1070e20fd85,scheduling,no_interaction,3,6,3,yes,True
6137da4ec348d1070e20fd85,meeting location,reciprocity,3,6,3,yes,True
6137da4ec348d1070e20fd85,restaurant,no_interaction,5,0,1,yes,True
6137da4ec348d1070e20fd85,fundraising,precedent,6,1,0,yes,True
6137da4ec348d1070e20fd85,group project,reciprocity,3,6,3,yes,True
6137da4ec348d1070e20fd85,architects,no_interaction,3,6,3,yes,True
6137da4ec348d1070e20fd85,police,reciprocity,3,6,3,yes,True
6137da4ec348d1070e20fd85,conversation,reciprocity,3,6,3,yes,True
6137da4ec348d1070e20fd85,weekend,precedent,6,0,0,yes,True
6137da4ec348d1070e20fd85,family meals,precedent,6,0,0,yes,True
6153226d04ed5dce3aaa9703,housemates,no_interaction,0,6,0,yes,True
6153226d04ed5dce3aaa9703,family meals,precedent,5,4,1,yes,True
6153226d04ed5dce3aaa9703,meeting prep,reciprocity,0,6,0,yes,True
6153226d04ed5dce3aaa9703,groceries,reciprocity,0,6,0,yes,True
6153226d04ed5dce3aaa9703,architects,no_interaction,0,6,0,yes,True
6153226d04ed5dce3aaa9703,scheduling,reciprocity,0,6,0,yes,True
6153226d04ed5dce3aaa9703,conversation,precedent,1,4,5,yes,True
6153226d04ed5dce3aaa9703,concerts,precedent,6,1,0,yes,True
6153226d04ed5dce3aaa9703,restaurant,no_interaction,0,6,0,yes,True
6153226d04ed5dce3aaa9703,group project,precedent,6,1,0,yes,True
6153226d04ed5dce3aaa9703,meeting location,reciprocity,0,6,0,yes,True
6153226d04ed5dce3aaa9703,police,precedent,4,4,4,yes,True
6153226d04ed5dce3aaa9703,coffee,no_interaction,0,6,0,yes,True
6153226d04ed5dce3aaa9703,feedback,reciprocity,0,6,0,yes,True
6153226d04ed5dce3aaa9703,weekend,no_interaction,0,6,0,yes,True
6153226d04ed5dce3aaa9703,gifts,precedent,4,2,5,yes,True
6153226d04ed5dce3aaa9703,fundraising,no_interaction,0,6,0,yes,True
6153226d04ed5dce3aaa9703,babysitting,reciprocity,0,6,0,yes,True
616202f3ca5b3ab47923ee80,restaurant,reciprocity,1,6,1,yes,True
616202f3ca5b3ab47923ee80,gifts,no_interaction,2,5,2,yes,True
616202f3ca5b3ab47923ee80,housemates,precedent,1,3,5,yes,True
616202f3ca5b3ab47923ee80,group project,reciprocity,1,5,1,yes,True
616202f3ca5b3ab47923ee80,groceries,reciprocity,1,6,1,yes,True
616202f3ca5b3ab47923ee80,scheduling,no_interaction,4,3,2,yes,True
616202f3ca5b3ab47923ee80,weekend,reciprocity,2,4,2,yes,True
616202f3ca5b3ab47923ee80,coffee,no_interaction,1,6,1,yes,True
616202f3ca5b3ab47923ee80,babysitting,no_interaction,1,5,1,yes,True
616202f3ca5b3ab47923ee80,architects,precedent,5,2,1,yes,True
616202f3ca5b3ab47923ee80,conversation,no_interaction,1,5,1,yes,True
616202f3ca5b3ab47923ee80,meeting location,reciprocity,1,6,1,yes,True
616202f3ca5b3ab47923ee80,police,precedent,4,2,2,yes,True
616202f3ca5b3ab47923ee80,fundraising,no_interaction,1,4,1,yes,True
616202f3ca5b3ab47923ee80,family meals,precedent,1,5,1,yes,True
616202f3ca5b3ab47923ee80,concerts,precedent,4,2,1,yes,True
616202f3ca5b3ab47923ee80,feedback,precedent,1,5,1,yes,True
616202f3ca5b3ab47923ee80,meeting prep,reciprocity,1,6,1,yes,True
61bb388340db417c1a138c85,coffee,no_interaction,4,4,4,yes,True
61bb388340db417c1a138c85,meeting prep,precedent,5,5,5,yes,True
61bb388340db417c1a138c85,meeting location,precedent,5,5,5,yes,True
61bb388340db417c1a138c85,restaurant,reciprocity,4,5,4,yes,True
61bb388340db417c1a138c85,police,no_interaction,5,5,5,yes,True
61bb388340db417c1a138c85,architects,precedent,5,4,3,yes,True
61bb388340db417c1a138c85,housemates,no_interaction,3,4,3,yes,True
61bb388340db417c1a138c85,feedback,precedent,3,4,3,yes,True
61bb388340db417c1a138c85,groceries,reciprocity,4,4,4,yes,True
61bb388340db417c1a138c85,conversation,no_interaction,4,4,4,yes,True
61bb388340db417c1a138c85,family meals,no_interaction,3,5,3,yes,True
61bb388340db417c1a138c85,weekend,reciprocity,3,3,3,yes,True
61bb388340db417c1a138c85,babysitting,reciprocity,3,5,3,yes,True
61bb388340db417c1a138c85,scheduling,reciprocity,3,3,3,yes,True
61bb388340db417c1a138c85,fundraising,reciprocity,3,3,3,yes,True
61bb388340db417c1a138c85,group project,precedent,4,4,4,yes,True
61bb388340db417c1a138c85,concerts,precedent,4,4,2,yes,True
61bb388340db417c1a138c85,gifts,no_interaction,3,5,3,yes,True
627e76cbf7254a15bf0f09b8,family meals,no_interaction,1,5,1,yes,False
627e76cbf7254a15bf0f09b8,gifts,reciprocity,1,5,1,yes,False
627e76cbf7254a15bf0f09b8,fundraising,reciprocity,1,5,1,yes,False
627e76cbf7254a15bf0f09b8,group project,precedent,5,1,1,yes,False
627e76cbf7254a15bf0f09b8,housemates,no_interaction,1,5,1,yes,False
627e76cbf7254a15bf0f09b8,concerts,no_interaction,0,5,0,yes,False
627e76cbf7254a15bf0f09b8,meeting prep,precedent,5,2,1,yes,False
627e76cbf7254a15bf0f09b8,conversation,reciprocity,1,5,1,yes,False
627e76cbf7254a15bf0f09b8,groceries,precedent,2,2,4,yes,False
627e76cbf7254a15bf0f09b8,police,no_interaction,4,4,2,yes,False
627e76cbf7254a15bf0f09b8,architects,no_interaction,1,5,1,yes,False
627e76cbf7254a15bf0f09b8,babysitting,reciprocity,1,5,1,yes,False
627e76cbf7254a15bf0f09b8,feedback,no_interaction,1,5,1,yes,False
627e76cbf7254a15bf0f09b8,scheduling,reciprocity,1,5,1,yes,False
627e76cbf7254a15bf0f09b8,coffee,reciprocity,1,6,1,yes,False
627e76cbf7254a15bf0f09b8,restaurant,precedent,1,1,5,yes,False
627e76cbf7254a15bf0f09b8,weekend,precedent,0,1,6,yes,False
627e76cbf7254a15bf0f09b8,meeting location,precedent,2,2,4,yes,False
6298fbc8e35ae6800ccb3128,housemates,precedent,1,1,5,yes,True
6298fbc8e35ae6800ccb3128,family meals,reciprocity,2,5,2,yes,True
6298fbc8e35ae6800ccb3128,meeting prep,no_interaction,2,4,2,yes,True
6298fbc8e35ae6800ccb3128,group project,reciprocity,1,5,1,yes,True
6298fbc8e35ae6800ccb3128,fundraising,precedent,4,2,2,yes,True
6298fbc8e35ae6800ccb3128,feedback,no_interaction,3,3,3,yes,True
6298fbc8e35ae6800ccb3128,weekend,precedent,3,3,3,yes,True
6298fbc8e35ae6800ccb3128,gifts,reciprocity,2,4,2,yes,True
6298fbc8e35ae6800ccb3128,babysitting,no_interaction,2,4,2,yes,True
6298fbc8e35ae6800ccb3128,groceries,no_interaction,3,3,3,yes,True
6298fbc8e35ae6800ccb3128,police,reciprocity,1,5,1,yes,True
6298fbc8e35ae6800ccb3128,concerts,reciprocity,2,4,2,yes,True
6298fbc8e35ae6800ccb3128,meeting location,no_interaction,3,3,3,yes,True
6298fbc8e35ae6800ccb3128,conversation,reciprocity,3,4,3,yes,True
6298fbc8e35ae6800ccb3128,architects,precedent,2,4,4,yes,True
6298fbc8e35ae6800ccb3128,coffee,precedent,1,1,5,yes,True
6298fbc8e35ae6800ccb3128,scheduling,no_interaction,2,2,4,yes,True
6298fbc8e35ae6800ccb3128,restaurant,precedent,1,1,5,yes,True
62b9bb8ff321bf7b3427a075,architects,no_interaction,2,5,2,yes,True
62b9bb8ff321bf7b3427a075,housemates,reciprocity,1,5,1,yes,True
62b9bb8ff321bf7b3427a075,police,reciprocity,0,6,0,yes,True
62b9bb8ff321bf7b3427a075,groceries,precedent,3,4,3,yes,True
62b9bb8ff321bf7b3427a075,coffee,reciprocity,1,5,1,yes,True
62b9bb8ff321bf7b3427a075,babysitting,precedent,2,5,2,yes,True
62b9bb8ff321bf7b3427a075,group project,no_interaction,4,2,2,yes,True
62b9bb8ff321bf7b3427a075,concerts,reciprocity,1,5,1,yes,True
62b9bb8ff321bf7b3427a075,conversation,precedent,1,1,5,yes,True
62b9bb8ff321bf7b3427a075,scheduling,precedent,2,4,2,yes,True
62b9bb8ff321bf7b3427a075,family meals,reciprocity,1,5,1,yes,True
62b9bb8ff321bf7b3427a075,meeting prep,no_interaction,1,5,1,yes,True
62b9bb8ff321bf7b3427a075,restaurant,no_interaction,1,5,1,yes,True
62b9bb8ff321bf7b3427a075,fundraising,precedent,2,4,2,yes,True
62b9bb8ff321bf7b3427a075,gifts,reciprocity,0,6,0,yes,True
62b9bb8ff321bf7b3427a075,feedback,no_interaction,1,5,1,yes,True
62b9bb8ff321bf7b3427a075,meeting location,no_interaction,1,5,1,yes,True
62b9bb8ff321bf7b3427a075,weekend,precedent,1,5,1,yes,True
62c31e3d37522ffaa26aadc2,meeting location,no_interaction,0,0,0,yes,True
62c31e3d37522ffaa26aadc2,weekend,precedent,0,0,0,yes,True
62c31e3d37522ffaa26aadc2,conversation,reciprocity,0,0,0,yes,True
62c31e3d37522ffaa26aadc2,concerts,no_interaction,0,0,0,yes,True
62c31e3d37522ffaa26aadc2,group project,no_interaction,5,5,5,yes,True
62c31e3d37522ffaa26aadc2,groceries,no_interaction,1,1,1,yes,True
62c31e3d37522ffaa26aadc2,feedback,no_interaction,2,2,2,yes,True
62c31e3d37522ffaa26aadc2,scheduling,precedent,3,3,3,yes,True
62c31e3d37522ffaa26aadc2,fundraising,precedent,2,2,2,yes,True
62c31e3d37522ffaa26aadc2,coffee,reciprocity,3,3,3,yes,True
62c31e3d37522ffaa26aadc2,restaurant,precedent,0,0,0,yes,True
62c31e3d37522ffaa26aadc2,gifts,reciprocity,0,0,,yes,True
62c31e3d37522ffaa26aadc2,babysitting,precedent,0,0,0,yes,True
62c31e3d37522ffaa26aadc2,architects,precedent,0,0,0,yes,True
62c31e3d37522ffaa26aadc2,meeting prep,no_interaction,3,3,3,yes,True
62c31e3d37522ffaa26aadc2,police,reciprocity,1,1,1,yes,True
62c31e3d37522ffaa26aadc2,family meals,reciprocity,1,1,1,yes,True
62c31e3d37522ffaa26aadc2,housemates,reciprocity,1,1,1,yes,True
62daa52d86e66e5feaf3bc15,groceries,no_interaction,1,4,1,yes,True
62daa52d86e66e5feaf3bc15,meeting prep,reciprocity,1,5,1,yes,True
62daa52d86e66e5feaf3bc15,gifts,no_interaction,1,1,1,yes,True
62daa52d86e66e5feaf3bc15,concerts,precedent,4,3,1,yes,True
62daa52d86e66e5feaf3bc15,family meals,precedent,1,6,1,yes,True
62daa52d86e66e5feaf3bc15,feedback,precedent,1,5,1,yes,True
62daa52d86e66e5feaf3bc15,meeting location,no_interaction,1,1,1,yes,True
62daa52d86e66e5feaf3bc15,coffee,reciprocity,1,6,1,yes,True
62daa52d86e66e5feaf3bc15,police,reciprocity,1,5,1,yes,True
62daa52d86e66e5feaf3bc15,scheduling,no_interaction,0,0,0,yes,True
62daa52d86e66e5feaf3bc15,weekend,reciprocity,1,6,1,yes,True
62daa52d86e66e5feaf3bc15,architects,reciprocity,1,5,1,yes,True
62daa52d86e66e5feaf3bc15,housemates,no_interaction,2,3,2,yes,True
62daa52d86e66e5feaf3bc15,restaurant,reciprocity,1,5,1,yes,True
62daa52d86e66e5feaf3bc15,fundraising,no_interaction,3,3,3,yes,True
62daa52d86e66e5feaf3bc15,babysitting,precedent,2,4,2,yes,True
62daa52d86e66e5feaf3bc15,conversation,precedent,2,2,4,yes,True
62daa52d86e66e5feaf3bc15,group project,precedent,5,1,1,yes,True
62fd7c550a4c54818fff590b,conversation,no_interaction,2,4,4,yes,True
62fd7c550a4c54818fff590b,meeting location,precedent,3,3,3,yes,True
62fd7c550a4c54818fff590b,feedback,precedent,2,3,2,yes,True
62fd7c550a4c54818fff590b,fundraising,reciprocity,2,2,2,yes,True
62fd7c550a4c54818fff590b,architects,reciprocity,1,4,1,yes,True
62fd7c550a4c54818fff590b,family meals,no_interaction,1,5,1,yes,True
62fd7c550a4c54818fff590b,gifts,no_interaction,1,5,1,yes,True
62fd7c550a4c54818fff590b,concerts,no_interaction,0,6,0,yes,True
62fd7c550a4c54818fff590b,restaurant,reciprocity,1,5,1,yes,True
62fd7c550a4c54818fff590b,groceries,precedent,4,3,2,yes,True
62fd7c550a4c54818fff590b,weekend,reciprocity,1,4,1,yes,True
62fd7c550a4c54818fff590b,meeting prep,precedent,5,2,1,yes,True
62fd7c550a4c54818fff590b,police,no_interaction,4,2,1,yes,True
62fd7c550a4c54818fff590b,babysitting,reciprocity,4,4,1,yes,True
62fd7c550a4c54818fff590b,scheduling,precedent,3,3,3,yes,True
62fd7c550a4c54818fff590b,coffee,reciprocity,1,5,1,yes,True
62fd7c550a4c54818fff590b,housemates,no_interaction,1,5,1,yes,True
62fd7c550a4c54818fff590b,group project,precedent,6,0,1,yes,True
634892ac974bb0349fffc8f8,groceries,no_interaction,1,5,1,yes,True
634892ac974bb0349fffc8f8,scheduling,no_interaction,1,5,1,yes,True
634892ac974bb0349fffc8f8,conversation,precedent,1,1,5,yes,True
634892ac974bb0349fffc8f8,concerts,reciprocity,3,5,3,yes,True
634892ac974bb0349fffc8f8,coffee,precedent,4,2,4,yes,True
634892ac974bb0349fffc8f8,weekend,no_interaction,1,5,1,yes,True
634892ac974bb0349fffc8f8,restaurant,no_interaction,1,5,1,yes,True
634892ac974bb0349fffc8f8,architects,reciprocity,4,4,4,yes,True
634892ac974bb0349fffc8f8,feedback,reciprocity,4,4,4,yes,True
634892ac974bb0349fffc8f8,police,precedent,1,0,6,yes,True
634892ac974bb0349fffc8f8,family meals,precedent,4,2,4,yes,True
634892ac974bb0349fffc8f8,meeting prep,reciprocity,2,5,2,yes,True
634892ac974bb0349fffc8f8,meeting location,reciprocity,2,4,2,yes,True
634892ac974bb0349fffc8f8,babysitting,no_interaction,3,3,3,yes,True
634892ac974bb0349fffc8f8,housemates,precedent,4,2,4,yes,True
634892ac974bb0349fffc8f8,fundraising,no_interaction,3,4,3,yes,True
634892ac974bb0349fffc8f8,group project,reciprocity,3,3,3,yes,True
634892ac974bb0349fffc8f8,gifts,precedent,2,2,4,yes,True
636160d36f12aeaa8dc8d888,conversation,reciprocity,3,3,6,yes,True
636160d36f12aeaa8dc8d888,family meals,reciprocity,3,6,3,yes,True
636160d36f12aeaa8dc8d888,feedback,no_interaction,0,5,0,yes,True
636160d36f12aeaa8dc8d888,fundraising,reciprocity,3,6,3,yes,True
636160d36f12aeaa8dc8d888,police,no_interaction,6,1,5,yes,True
636160d36f12aeaa8dc8d888,coffee,reciprocity,3,6,3,yes,True
636160d36f12aeaa8dc8d888,meeting location,no_interaction,2,5,4,yes,True
636160d36f12aeaa8dc8d888,restaurant,precedent,6,0,6,yes,True
636160d36f12aeaa8dc8d888,group project,no_interaction,6,1,0,yes,True
636160d36f12aeaa8dc8d888,weekend,precedent,3,5,3,yes,True
636160d36f12aeaa8dc8d888,architects,no_interaction,3,6,3,yes,True
636160d36f12aeaa8dc8d888,babysitting,precedent,0,6,0,yes,True
636160d36f12aeaa8dc8d888,scheduling,precedent,2,1,6,yes,True
636160d36f12aeaa8dc8d888,groceries,precedent,5,4,1,yes,True
636160d36f12aeaa8dc8d888,meeting prep,precedent,5,3,0,yes,True
636160d36f12aeaa8dc8d888,gifts,reciprocity,3,6,3,yes,True
636160d36f12aeaa8dc8d888,housemates,reciprocity,0,6,0,yes,True
636160d36f12aeaa8dc8d888,concerts,no_interaction,3,5,3,yes,True
63921bd53086fdb357c447d1,groceries,precedent,1,6,1,yes,True
63921bd53086fdb357c447d1,babysitting,precedent,2,2,4,yes,True
63921bd53086fdb357c447d1,feedback,no_interaction,3,4,3,yes,True
63921bd53086fdb357c447d1,concerts,no_interaction,1,5,1,yes,True
63921bd53086fdb357c447d1,architects,no_interaction,2,4,2,yes,True
63921bd53086fdb357c447d1,conversation,reciprocity,3,5,3,yes,True
63921bd53086fdb357c447d1,gifts,reciprocity,3,5,3,yes,True
63921bd53086fdb357c447d1,meeting location,no_interaction,3,5,3,yes,True
63921bd53086fdb357c447d1,housemates,reciprocity,2,2,4,yes,True
63921bd53086fdb357c447d1,coffee,reciprocity,3,5,3,yes,True
63921bd53086fdb357c447d1,group project,no_interaction,3,5,3,yes,True
63921bd53086fdb357c447d1,police,reciprocity,3,5,3,yes,True
63921bd53086fdb357c447d1,scheduling,precedent,2,2,5,yes,True
63921bd53086fdb357c447d1,fundraising,precedent,5,2,2,yes,True
63921bd53086fdb357c447d1,weekend,precedent,2,2,5,yes,True
63921bd53086fdb357c447d1,restaurant,precedent,2,2,5,yes,True
63921bd53086fdb357c447d1,family meals,reciprocity,3,5,3,yes,True
63921bd53086fdb357c447d1,meeting prep,no_interaction,3,5,3,yes,True
63972c71f83340241c366b6a,babysitting,precedent,1,5,1,yes,True
63972c71f83340241c366b6a,fundraising,no_interaction,1,5,1,yes,True
63972c71f83340241c366b6a,architects,reciprocity,1,5,1,yes,True
63972c71f83340241c366b6a,feedback,precedent,1,5,1,yes,True
63972c71f83340241c366b6a,scheduling,precedent,,,4,yes,True
63972c71f83340241c366b6a,housemates,no_interaction,1,5,1,yes,True
63972c71f83340241c366b6a,conversation,precedent,1,5,1,yes,True
63972c71f83340241c366b6a,meeting location,no_interaction,1,5,1,yes,True
63972c71f83340241c366b6a,meeting prep,reciprocity,1,5,1,yes,True
63972c71f83340241c366b6a,concerts,precedent,4,2,2,yes,True
63972c71f83340241c366b6a,family meals,reciprocity,1,5,1,yes,True
63972c71f83340241c366b6a,restaurant,reciprocity,1,5,1,yes,True
63972c71f83340241c366b6a,police,reciprocity,1,5,1,yes,True
63972c71f83340241c366b6a,coffee,reciprocity,1,5,1,yes,True
63972c71f83340241c366b6a,gifts,no_interaction,1,5,1,yes,True
63972c71f83340241c366b6a,group project,precedent,5,1,1,yes,True
63972c71f83340241c366b6a,groceries,no_interaction,1,5,1,yes,True
63972c71f83340241c366b6a,weekend,no_interaction,1,1,5,yes,True
63b6c76ff03d438cd09b8c56,groceries,precedent,1,5,1,yes,True
63b6c76ff03d438cd09b8c56,restaurant,precedent,4,5,2,yes,True
63b6c76ff03d438cd09b8c56,scheduling,reciprocity,0,6,0,yes,True
63b6c76ff03d438cd09b8c56,weekend,precedent,2,4,3,yes,True
63b6c76ff03d438cd09b8c56,feedback,no_interaction,3,6,3,yes,True
63b6c76ff03d438cd09b8c56,babysitting,reciprocity,1,5,1,yes,True
63b6c76ff03d438cd09b8c56,meeting prep,no_interaction,1,5,1,yes,True
63b6c76ff03d438cd09b8c56,fundraising,precedent,4,4,2,yes,True
63b6c76ff03d438cd09b8c56,police,no_interaction,4,4,2,yes,True
63b6c76ff03d438cd09b8c56,conversation,reciprocity,3,6,3,yes,True
63b6c76ff03d438cd09b8c56,gifts,precedent,4,5,2,yes,True
63b6c76ff03d438cd09b8c56,housemates,reciprocity,1,5,1,yes,True
63b6c76ff03d438cd09b8c56,coffee,no_interaction,1,5,1,yes,True
63b6c76ff03d438cd09b8c56,family meals,no_interaction,1,5,1,yes,True
63b6c76ff03d438cd09b8c56,group project,reciprocity,0,6,0,yes,True
63b6c76ff03d438cd09b8c56,concerts,reciprocity,1,6,1,yes,True
63b6c76ff03d438cd09b8c56,architects,no_interaction,0,4,0,yes,True
63b6c76ff03d438cd09b8c56,meeting location,precedent,2,4,2,yes,True
63c25e4d8faec4d0ce9b0971,feedback,no_interaction,3,4,3,yes,True
63c25e4d8faec4d0ce9b0971,restaurant,precedent,2,1,5,yes,True
63c25e4d8faec4d0ce9b0971,police,no_interaction,5,1,1,yes,True
63c25e4d8faec4d0ce9b0971,meeting prep,precedent,1,1,5,yes,True
63c25e4d8faec4d0ce9b0971,fundraising,reciprocity,1,3,1,yes,True
63c25e4d8faec4d0ce9b0971,group project,reciprocity,1,6,1,yes,True
63c25e4d8faec4d0ce9b0971,family meals,no_interaction,3,3,3,yes,True
63c25e4d8faec4d0ce9b0971,scheduling,reciprocity,1,5,1,yes,True
63c25e4d8faec4d0ce9b0971,concerts,reciprocity,2,3,2,yes,True
63c25e4d8faec4d0ce9b0971,babysitting,no_interaction,3,4,3,yes,True
63c25e4d8faec4d0ce9b0971,weekend,precedent,2,2,5,yes,True
63c25e4d8faec4d0ce9b0971,meeting location,precedent,3,3,3,yes,True
63c25e4d8faec4d0ce9b0971,coffee,precedent,3,3,3,yes,True
63c25e4d8faec4d0ce9b0971,architects,no_interaction,1,5,1,yes,True
63c25e4d8faec4d0ce9b0971,conversation,no_interaction,3,3,3,yes,True
63c25e4d8faec4d0ce9b0971,gifts,precedent,4,2,1,yes,True
63c25e4d8faec4d0ce9b0971,groceries,reciprocity,1,5,1,yes,True
63c25e4d8faec4d0ce9b0971,housemates,reciprocity,4,2,1,yes,True
63c6d6d5e132610bf009230d,coffee,precedent,2,5,4,yes,True
63c6d6d5e132610bf009230d,weekend,precedent,1,1,5,yes,True
63c6d6d5e132610bf009230d,gifts,reciprocity,0,6,0,yes,True
63c6d6d5e132610bf009230d,police,reciprocity,0,6,0,yes,True
63c6d6d5e132610bf009230d,conversation,reciprocity,3,4,3,yes,True
63c6d6d5e132610bf009230d,scheduling,no_interaction,3,4,3,yes,True
63c6d6d5e132610bf009230d,meeting location,no_interaction,1,6,1,yes,True
63c6d6d5e132610bf009230d,concerts,reciprocity,0,6,0,yes,True
63c6d6d5e132610bf009230d,restaurant,precedent,0,1,5,yes,True
63c6d6d5e132610bf009230d,meeting prep,no_interaction,2,4,2,yes,True
63c6d6d5e132610bf009230d,groceries,no_interaction,0,6,0,yes,True
63c6d6d5e132610bf009230d,group project,no_interaction,4,2,2,yes,True
63c6d6d5e132610bf009230d,babysitting,precedent,1,2,5,yes,True
63c6d6d5e132610bf009230d,feedback,no_interaction,5,2,1,yes,True
63c6d6d5e132610bf009230d,architects,precedent,4,3,2,yes,True
63c6d6d5e132610bf009230d,family meals,reciprocity,0,5,0,yes,True
63c6d6d5e132610bf009230d,housemates,reciprocity,2,2,4,yes,True
63c6d6d5e132610bf009230d,fundraising,precedent,5,4,1,yes,True
63d3fadce8d1c8d393740c2b,conversation,reciprocity,4,2,4,yes,True
63d3fadce8d1c8d393740c2b,group project,precedent,4,1,2,yes,True
63d3fadce8d1c8d393740c2b,coffee,reciprocity,1,5,1,yes,True
63d3fadce8d1c8d393740c2b,groceries,precedent,1,5,1,yes,True
63d3fadce8d1c8d393740c2b,restaurant,precedent,2,2,5,yes,True
63d3fadce8d1c8d393740c2b,architects,no_interaction,1,5,1,yes,True
63d3fadce8d1c8d393740c2b,scheduling,precedent,2,4,2,yes,True
63d3fadce8d1c8d393740c2b,fundraising,reciprocity,2,5,2,yes,True
63d3fadce8d1c8d393740c2b,weekend,precedent,1,5,1,yes,True
63d3fadce8d1c8d393740c2b,babysitting,reciprocity,1,5,1,yes,True
63d3fadce8d1c8d393740c2b,family meals,no_interaction,1,5,1,yes,True
63d3fadce8d1c8d393740c2b,feedback,no_interaction,1,5,1,yes,True
63d3fadce8d1c8d393740c2b,meeting location,no_interaction,1,5,1,yes,True
63d3fadce8d1c8d393740c2b,meeting prep,precedent,1,1,5,yes,True
63d3fadce8d1c8d393740c2b,police,no_interaction,5,2,1,yes,True
63d3fadce8d1c8d393740c2b,concerts,no_interaction,1,5,1,yes,True
63d3fadce8d1c8d393740c2b,housemates,reciprocity,1,5,1,yes,True
63d3fadce8d1c8d393740c2b,gifts,reciprocity,1,5,1,yes,True
63d7aa4a4f19508a5401cc2a,scheduling,no_interaction,3,3,3,yes,True
63d7aa4a4f19508a5401cc2a,groceries,no_interaction,3,4,3,yes,True
63d7aa4a4f19508a5401cc2a,weekend,no_interaction,2,3,4,yes,True
63d7aa4a4f19508a5401cc2a,family meals,precedent,5,2,1,yes,True
63d7aa4a4f19508a5401cc2a,housemates,precedent,3,5,3,yes,True
63d7aa4a4f19508a5401cc2a,babysitting,no_interaction,0,5,0,yes,True
63d7aa4a4f19508a5401cc2a,feedback,reciprocity,0,6,0,yes,True
63d7aa4a4f19508a5401cc2a,group project,reciprocity,0,6,0,yes,True
63d7aa4a4f19508a5401cc2a,conversation,precedent,1,1,5,yes,True
63d7aa4a4f19508a5401cc2a,gifts,precedent,5,2,1,yes,True
63d7aa4a4f19508a5401cc2a,police,reciprocity,0,6,0,yes,True
63d7aa4a4f19508a5401cc2a,meeting prep,no_interaction,0,4,0,yes,True
63d7aa4a4f19508a5401cc2a,restaurant,no_interaction,3,3,3,yes,True
63d7aa4a4f19508a5401cc2a,concerts,reciprocity,0,6,0,yes,True
63d7aa4a4f19508a5401cc2a,coffee,precedent,6,1,1,yes,True
63d7aa4a4f19508a5401cc2a,fundraising,precedent,6,2,1,yes,True
63d7aa4a4f19508a5401cc2a,meeting location,reciprocity,0,6,0,yes,True
63d7aa4a4f19508a5401cc2a,architects,reciprocity,2,4,2,yes,True
63dd8b378e3bb14acc8c53d2,meeting location,precedent,1,2,5,yes,True
63dd8b378e3bb14acc8c53d2,weekend,reciprocity,1,5,1,yes,True
63dd8b378e3bb14acc8c53d2,housemates,no_interaction,0,6,0,yes,True
63dd8b378e3bb14acc8c53d2,conversation,no_interaction,1,5,1,yes,True
63dd8b378e3bb14acc8c53d2,scheduling,reciprocity,1,5,1,yes,True
63dd8b378e3bb14acc8c53d2,gifts,no_interaction,1,5,1,yes,True
63dd8b378e3bb14acc8c53d2,groceries,reciprocity,1,5,1,yes,True
63dd8b378e3bb14acc8c53d2,feedback,precedent,2,4,2,yes,True
63dd8b378e3bb14acc8c53d2,group project,precedent,6,0,0,yes,True
63dd8b378e3bb14acc8c53d2,coffee,no_interaction,0,6,0,yes,True
63dd8b378e3bb14acc8c53d2,police,precedent,1,1,5,yes,True
63dd8b378e3bb14acc8c53d2,restaurant,reciprocity,1,5,1,yes,True
63dd8b378e3bb14acc8c53d2,family meals,no_interaction,1,5,1,yes,True
63dd8b378e3bb14acc8c53d2,concerts,precedent,5,2,1,yes,True
63dd8b378e3bb14acc8c53d2,babysitting,reciprocity,1,5,1,yes,True
63dd8b378e3bb14acc8c53d2,meeting prep,reciprocity,2,4,2,yes,True
63dd8b378e3bb14acc8c53d2,fundraising,no_interaction,1,5,1,yes,True
63dd8b378e3bb14acc8c53d2,architects,precedent,2,2,4,yes,True
63e403e848165e69c62a729a,fundraising,no_interaction,2,5,2,yes,True
63e403e848165e69c62a729a,family meals,precedent,5,4,2,yes,True
63e403e848165e69c62a729a,feedback,reciprocity,1,5,1,yes,True
63e403e848165e69c62a729a,housemates,precedent,1,2,5,yes,True
63e403e848165e69c62a729a,meeting prep,reciprocity,1,5,1,yes,True
63e403e848165e69c62a729a,conversation,precedent,1,2,5,yes,True
63e403e848165e69c62a729a,concerts,reciprocity,1,5,1,yes,True
63e403e848165e69c62a729a,weekend,no_interaction,2,4,4,yes,True
63e403e848165e69c62a729a,scheduling,no_interaction,2,4,4,yes,True
63e403e848165e69c62a729a,group project,reciprocity,1,5,1,yes,True
63e403e848165e69c62a729a,coffee,precedent,5,2,1,yes,True
63e403e848165e69c62a729a,architects,reciprocity,1,6,1,yes,True
63e403e848165e69c62a729a,police,precedent,1,2,5,yes,True
63e403e848165e69c62a729a,gifts,precedent,5,2,1,yes,True
63e403e848165e69c62a729a,groceries,no_interaction,1,6,1,yes,True
63e403e848165e69c62a729a,restaurant,no_interaction,1,6,1,yes,True
63e403e848165e69c62a729a,babysitting,no_interaction,1,5,1,yes,True
63e403e848165e69c62a729a,meeting location,reciprocity,1,5,1,yes,True
